id,first_name,last_name,email,gender,ip_address,country,dob
1,Berry,Boullin,bboullin0@gmpg.org,Female,124.26.36.17,Brazil,11/13/2020
2,Lilian,McInerney,lmcinerney1@hubpages.com,Female,73.83.149.196,Philippines,7/20/1964
3,Roman,Ewbanck,rewbanck2@ebay.com,Male,204.50.228.251,Portugal,6/30/2001
4,Pansie,Espinoza,pespinoza3@trellian.com,Female,158.192.55.73,Sweden,2/7/1976
5,Carmine,Mattys,cmattys4@constantcontact.com,Female,129.36.179.231,Indonesia,11/23/1999
6,Baxy,Evison,bevison5@privacy.gov.au,Polygender,70.184.131.157,Macedonia,4/26/2003
7,Tessa,Falconer-Taylor,tfalconertaylor6@xrea.com,Female,135.177.142.80,China,2/12/1963
8,Harrie,Hicken,hhicken7@java.com,Female,35.47.237.151,Sweden,3/14/1988
9,Gizela,Filyaev,gfilyaev8@sohu.com,Female,197.65.252.230,China,11/28/2006
10,Pepita,Glassard,pglassard9@usnews.com,Female,153.119.231.89,Indonesia,7/23/1998
11,Miller,Burrett,mburretta@miibeian.gov.cn,Male,138.63.132.103,Brazil,10/14/1975
12,Shelley,Tippin,stippinb@tiny.cc,Female,239.189.239.108,Philippines,5/22/1971
13,Maurise,Pierucci,mpieruccic@ucoz.ru,Male,217.215.189.135,Russia,10/16/1963
14,Denys,Anthonsen,danthonsend@sciencedaily.com,Female,147.218.20.35,Indonesia,10/24/2015
15,Gail,Brandli,gbrandlie@4shared.com,Male,22.122.7.74,Indonesia,6/28/1963
16,Peggy,Kowalski,pkowalskif@goo.gl,Female,103.29.13.192,China,12/22/1965
17,Lester,Levermore,llevermoreg@prnewswire.com,Male,244.249.11.104,China,7/13/1989
18,Ninon,Rohmer,nrohmerh@state.tx.us,Female,197.32.226.165,United States,1/13/2022
19,Jere,Devennie,jdevenniei@indiatimes.com,Genderqueer,238.177.163.132,Russia,5/27/1987
20,Sky,Corss,scorssj@disqus.com,Male,24.57.106.243,Luxembourg,10/4/1983
21,Jervis,Bhatia,jbhatiak@com.com,Male,72.52.48.150,Sweden,3/8/1974
22,Windham,Ren,wrenl@illinois.edu,Male,181.14.170.154,Sweden,11/26/2021
23,Gan,Scawton,gscawtonm@marriott.com,Male,231.144.77.180,Indonesia,2/28/2011
24,Falito,Leadston,fleadstonn@weibo.com,Male,37.169.91.158,China,6/23/1966
25,Ulrick,Henfre,uhenfreo@msu.edu,Male,116.52.253.122,Brazil,6/7/1983
26,Trisha,Semon,tsemonp@eventbrite.com,Female,147.174.3.97,Canada,9/18/1992
27,Jemmie,Verchambre,jverchambreq@time.com,Female,22.145.70.111,Russia,9/20/2021
28,Charo,Brundle,cbrundler@mac.com,Female,118.177.47.14,Portugal,12/3/2017
29,Neala,Matussevich,nmatussevichs@w3.org,Female,160.229.167.212,Ecuador,2/21/1977
30,Letti,Hellin,lhellint@quantcast.com,Genderfluid,29.100.39.148,South Sudan,3/24/1967
31,Sonnie,Telfer,stelferu@flavors.me,Male,77.112.123.38,Indonesia,4/4/1976
32,Ami,Muckley,amuckleyv@yellowpages.com,Female,98.112.148.189,Faroe Islands,3/28/1961
33,Selene,Garrelts,sgarreltsw@hc360.com,Female,114.0.86.233,Poland,12/5/2010
34,Celle,Tregidgo,ctregidgox@51.la,Female,64.227.134.132,Peru,6/15/1989
35,Annabella,Melross,amelrossy@tripadvisor.com,Bigender,138.39.57.212,Canada,1/7/2003
36,Sigismond,Iorizzi,siorizziz@google.com.br,Male,234.128.117.4,France,7/30/1961
37,Sibby,Lauks,slauks10@w3.org,Female,66.95.111.131,Brazil,12/4/2018
38,Corene,Bartens,cbartens11@hhs.gov,Female,108.92.253.89,Belarus,9/2/1988
39,Rice,Dilworth,rdilworth12@npr.org,Male,149.170.4.135,China,8/31/1981
40,Philly,Challinor,pchallinor13@auda.org.au,Female,25.124.51.74,Russia,11/6/1974
41,Zuzana,Brockwell,zbrockwell14@techcrunch.com,Female,36.48.224.130,Indonesia,2/16/2004
42,Marilyn,Birtwisle,mbirtwisle15@amazonaws.com,Female,139.37.125.235,Indonesia,5/13/1978
43,Willem,Cyples,wcyples16@themeforest.net,Male,9.71.215.227,Indonesia,9/10/2018
44,Germaine,Colaco,gcolaco17@zdnet.com,Male,204.170.10.65,China,6/19/1971
45,Livia,Goodlet,lgoodlet18@harvard.edu,Female,95.226.28.61,Venezuela,8/17/2006
46,Olly,Chevers,ochevers19@cmu.edu,Genderfluid,39.237.147.125,China,10/30/1979
47,Julee,Downing,jdowning1a@sbwire.com,Female,238.167.3.197,United States,8/20/1987
48,Gerardo,Blackney,gblackney1b@imdb.com,Male,249.20.15.126,United States,4/20/1968
49,Aeriel,Dakers,adakers1c@icq.com,Female,220.142.167.191,China,1/23/2020
50,Appolonia,Winning,awinning1d@tiny.cc,Female,142.234.110.58,Gambia,7/4/1994
51,Randi,Boskell,rboskell1e@clickbank.net,Female,141.178.16.81,Poland,5/11/1995
52,Jannelle,Welsh,jwelsh1f@4shared.com,Female,239.58.68.223,China,8/22/1967
53,Dulsea,Twinborne,dtwinborne1g@paginegialle.it,Female,9.213.184.223,Russia,3/1/2018
54,Travis,Martignon,tmartignon1h@weibo.com,Male,255.214.237.85,France,12/30/2005
55,Merell,Havvock,mhavvock1i@senate.gov,Male,186.11.84.18,Portugal,11/13/2004
56,Delainey,Couldwell,dcouldwell1j@boston.com,Male,175.241.146.168,Portugal,7/24/2007
57,Zolly,Drinkall,zdrinkall1k@nytimes.com,Male,73.82.231.244,Pakistan,3/23/2016
58,Gustav,Popplewell,gpopplewell1l@biglobe.ne.jp,Male,79.3.106.230,United States,4/24/1972
59,Ransom,Consadine,rconsadine1m@sohu.com,Male,160.37.34.50,Colombia,9/5/2014
60,Andreana,Haddock,ahaddock1n@bandcamp.com,Female,206.111.170.229,France,6/3/2003
61,Karel,Rainey,krainey1o@ibm.com,Male,43.233.84.128,China,3/19/2018
62,Ab,Brambley,abrambley1p@harvard.edu,Male,129.141.40.150,Czech Republic,9/19/1983
63,Jonathon,Cudd,jcudd1q@sogou.com,Male,13.38.120.221,New Caledonia,5/25/1964
64,Alanah,Hay,ahay1r@de.vu,Female,2.37.125.189,Russia,10/26/2015
65,Gleda,Dinneges,gdinneges1s@slate.com,Female,226.199.6.159,China,4/27/1987
66,Asher,Daviddi,adaviddi1t@trellian.com,Male,1.229.205.88,China,6/18/1982
67,Pren,Cradduck,pcradduck1u@engadget.com,Male,42.157.187.246,Yemen,1/12/2014
68,Maryl,Cutmare,mcutmare1v@state.gov,Genderqueer,137.97.202.169,Laos,7/26/2002
69,Gabriello,Durdy,gdurdy1w@cbslocal.com,Male,174.95.99.4,Russia,1/9/1997
70,Lalo,Kalkhoven,lkalkhoven1x@sbwire.com,Male,128.85.165.130,Democratic Republic of the Congo,12/23/1995
71,Madelyn,Puttock,mputtock1y@vkontakte.ru,Female,214.58.17.68,Germany,10/5/1984
72,Joyce,Glenwright,jglenwright1z@hostgator.com,Female,155.255.28.45,Indonesia,10/11/2011
73,Tony,Bream,tbream20@gov.uk,Male,220.120.128.187,Ukraine,3/27/2020
74,Nevin,Pegrum,npegrum21@dell.com,Male,90.178.97.88,Isle of Man,5/21/2019
75,Mady,Gosalvez,mgosalvez22@blog.com,Female,36.216.127.251,Azerbaijan,12/3/1990
76,Ariela,Brimilcome,abrimilcome23@unesco.org,Female,138.1.40.67,Indonesia,7/11/2018
77,Emilee,Samarth,esamarth24@squarespace.com,Female,94.23.184.200,Portugal,9/16/1987
78,Maxy,Tuohy,mtuohy25@ucoz.ru,Male,86.69.24.174,China,8/14/1980
79,Giacobo,Ashenhurst,gashenhurst26@harvard.edu,Male,4.29.11.188,Tajikistan,7/18/1963
80,Gray,Petzolt,gpetzolt27@princeton.edu,Male,71.221.147.241,Norway,9/15/1965
81,Wendie,Baldree,wbaldree28@ocn.ne.jp,Female,202.24.31.244,Croatia,11/3/1979
82,Sergei,Kuban,skuban29@cornell.edu,Male,203.30.123.97,Russia,12/22/1995
83,Arlinda,Sturr,asturr2a@blogspot.com,Female,168.176.243.22,China,7/1/2021
84,Manuel,Senter,msenter2b@dailymotion.com,Genderqueer,24.191.23.105,Portugal,10/8/2013
85,Levy,Tapscott,ltapscott2c@istockphoto.com,Male,30.117.186.247,Poland,12/21/1983
86,Ram,Pressey,rpressey2d@mapy.cz,Male,195.155.73.44,Namibia,6/26/2016
87,Edvard,Randal,erandal2e@163.com,Male,65.121.137.42,Indonesia,2/25/1989
88,Ruddie,Beebis,rbeebis2f@msu.edu,Male,197.141.205.190,United States,3/24/2021
89,Rorie,Abbiss,rabbiss2g@pbs.org,Genderfluid,17.251.50.242,South Korea,1/5/2002
90,Esther,Poynter,epoynter2h@ovh.net,Female,120.45.243.201,Greece,3/26/1973
91,Kimball,Yukhnov,kyukhnov2i@cnn.com,Male,227.82.130.49,Venezuela,9/1/2021
92,Kissie,Nussey,knussey2j@tripod.com,Female,172.169.224.217,Honduras,5/19/2006
93,Abigail,MacKomb,amackomb2k@bravesites.com,Polygender,196.77.66.188,Indonesia,10/8/1972
94,Sigismund,Carleman,scarleman2l@nifty.com,Male,244.213.128.147,China,11/18/1997
95,Inge,Smoughton,ismoughton2m@ocn.ne.jp,Female,87.60.225.101,Peru,11/8/1978
96,Archambault,Van Dijk,avandijk2n@indiatimes.com,Male,239.145.136.195,Bolivia,12/23/1965
97,Lauralee,Steedman,lsteedman2o@time.com,Bigender,59.171.97.156,Germany,7/13/1965
98,Stella,Foskett,sfoskett2p@senate.gov,Female,239.57.254.4,Chile,6/15/1988
99,Amaleta,Trubshaw,atrubshaw2q@cmu.edu,Female,145.113.222.178,Sweden,11/16/1999
100,Abram,Ferrey,aferrey2r@discovery.com,Male,108.115.185.10,Greece,10/26/2013
101,Susanne,Saines,ssaines2s@washington.edu,Female,116.204.29.164,Czech Republic,6/14/1983
102,Grantham,Hallford,ghallford2t@shinystat.com,Male,185.199.252.147,Croatia,10/12/2020
103,Madelon,Jindracek,mjindracek2u@oakley.com,Female,119.250.24.218,Indonesia,2/4/1978
104,Arlena,Ramshaw,aramshaw2v@uol.com.br,Female,24.126.28.212,Philippines,8/14/1983
105,Marylou,Baverstock,mbaverstock2w@ifeng.com,Female,99.119.138.220,Indonesia,7/21/1982
106,Torr,Kibel,tkibel2x@goodreads.com,Male,118.200.61.69,China,3/13/2000
107,Zena,Clash,zclash2y@uol.com.br,Bigender,154.242.94.244,China,7/1/1988
108,Park,Fish,pfish2z@abc.net.au,Male,175.163.3.214,Indonesia,12/25/1977
109,Clark,Ibbs,cibbs30@ed.gov,Male,91.174.169.206,Indonesia,7/14/1998
110,Elsi,Faulkener,efaulkener31@bigcartel.com,Female,255.172.204.122,Bolivia,10/21/1965
111,Latrena,Ratley,lratley32@amazon.co.jp,Female,130.197.22.176,Mongolia,8/25/2015
112,Cissiee,Brandoni,cbrandoni33@constantcontact.com,Genderqueer,17.105.231.136,Mali,10/11/1964
113,Borden,Rallinshaw,brallinshaw34@loc.gov,Male,245.74.113.97,Ukraine,9/7/2006
114,Cordell,Stannus,cstannus35@csmonitor.com,Male,103.213.53.117,Brazil,12/10/1980
115,Irv,Hunn,ihunn36@cnet.com,Male,58.66.24.214,Czech Republic,9/14/2010
116,Pate,Vynarde,pvynarde37@tripod.com,Male,241.73.162.195,Ecuador,12/22/1992
117,Bernard,Turbayne,bturbayne38@dell.com,Male,151.23.143.208,Brazil,6/10/1990
118,Cherilynn,Skoggins,cskoggins39@list-manage.com,Female,218.150.242.78,Indonesia,6/10/1960
119,Paco,Westphal,pwestphal3a@senate.gov,Male,154.243.181.233,Netherlands,3/30/1972
120,Penny,Nevitt,pnevitt3b@wix.com,Genderqueer,148.32.5.24,Netherlands,12/28/2004
121,Fowler,Camilio,fcamilio3c@theglobeandmail.com,Male,61.66.213.41,United States,3/23/1988
122,Ingemar,Hunnaball,ihunnaball3d@barnesandnoble.com,Male,16.118.245.187,China,4/4/1983
123,Hesther,McGibbon,hmcgibbon3e@i2i.jp,Female,245.161.174.147,Thailand,7/29/2016
124,Lee,Lodevick,llodevick3f@parallels.com,Male,178.24.46.63,Russia,3/7/2001
125,Benn,Cotgrove,bcotgrove3g@princeton.edu,Male,121.200.129.209,Philippines,3/25/1989
126,Cleve,Yeatman,cyeatman3h@reddit.com,Male,237.137.102.17,Lithuania,11/11/1996
127,Wiley,Widmore,wwidmore3i@ezinearticles.com,Male,4.127.68.106,Thailand,1/21/1991
128,Lacee,Hutchens,lhutchens3j@cloudflare.com,Female,130.94.241.184,South Africa,2/2/1973
129,Annmarie,Iapico,aiapico3k@desdev.cn,Female,40.68.40.47,China,11/20/1999
130,Erhart,Hunting,ehunting3l@mysql.com,Male,29.140.150.145,Portugal,3/28/1999
131,Bob,Chislett,bchislett3m@e-recht24.de,Bigender,50.118.69.193,New Zealand,6/7/2010
132,Rogers,Hannabuss,rhannabuss3n@auda.org.au,Male,213.199.57.99,Sri Lanka,3/30/2010
133,Aurilia,Grayshon,agrayshon3o@imgur.com,Female,48.125.22.107,China,12/17/1996
134,Danyelle,Shorten,dshorten3p@yellowbook.com,Female,244.18.76.99,Indonesia,4/7/2017
135,Clarita,Preshous,cpreshous3q@examiner.com,Female,230.83.232.201,Argentina,4/27/1970
136,Jerrie,Baggett,jbaggett3r@hibu.com,Polygender,99.24.196.95,China,12/16/1971
137,Sheila,Duro,sduro3s@gravatar.com,Female,72.134.245.21,China,6/8/1997
138,Orazio,Bycraft,obycraft3t@posterous.com,Male,86.35.80.154,Philippines,2/21/2006
139,Lenee,Aleixo,laleixo3u@google.co.uk,Female,245.54.115.247,Sweden,3/5/2012
140,Brant,Veare,bveare3v@fema.gov,Male,37.34.44.30,Brazil,2/16/2007
141,Adolphus,McSkin,amcskin3w@foxnews.com,Male,137.96.32.46,Indonesia,3/29/2008
142,Georgena,Fine,gfine3x@dmoz.org,Female,151.163.206.98,Ireland,10/3/1974
143,Gaspard,Easseby,geasseby3y@histats.com,Male,224.69.78.12,Indonesia,10/29/1983
144,Tandie,Hattiff,thattiff3z@naver.com,Female,26.71.2.19,Indonesia,9/16/1973
145,Gregorius,Duffield,gduffield40@dyndns.org,Male,119.218.155.154,Nicaragua,7/30/2003
146,Sholom,Gisbourn,sgisbourn41@bigcartel.com,Male,255.99.226.83,Czech Republic,9/19/1963
147,Gerda,Leverage,gleverage42@ow.ly,Female,247.53.119.111,Russia,6/6/1987
148,Auroora,Arkill,aarkill43@wikimedia.org,Female,135.15.32.248,Russia,3/13/1995
149,Chandler,Scates,cscates44@google.cn,Male,120.201.57.87,Russia,5/5/1988
150,Hashim,Hoble,hhoble45@yellowpages.com,Male,218.146.150.28,Portugal,10/7/2005
151,Christiano,Howard - Gater,chowardgater46@g.co,Male,158.45.230.108,Ecuador,10/7/2014
152,Yale,Corbitt,ycorbitt47@infoseek.co.jp,Male,182.148.141.69,China,3/9/2001
153,Marcelia,Egarr,megarr48@dion.ne.jp,Female,17.41.175.198,China,8/24/2001
154,Rubina,Whisson,rwhisson49@forbes.com,Female,161.201.127.180,Thailand,5/14/2015
155,Lian,Weall,lweall4a@psu.edu,Female,31.74.122.58,Philippines,5/9/1970
156,Arlana,Rushmere,arushmere4b@indiatimes.com,Female,196.152.142.239,Honduras,2/26/1995
157,Jessa,Cinelli,jcinelli4c@bluehost.com,Female,104.246.223.133,Indonesia,4/16/2001
158,Sargent,Woltman,swoltman4d@dmoz.org,Male,171.233.110.96,Myanmar,5/26/1969
159,Blinni,Quimby,bquimby4e@aboutads.info,Female,33.169.81.105,Philippines,4/8/1995
160,Joshia,Brandin,jbrandin4f@blog.com,Male,194.78.111.22,Peru,11/3/2008
161,Mattheus,Batiste,mbatiste4g@cnbc.com,Male,88.63.192.133,China,8/5/1973
162,Ann-marie,Denys,adenys4h@yahoo.com,Female,173.235.14.176,Argentina,1/2/1989
163,Beaufort,Naptine,bnaptine4i@mapquest.com,Male,156.72.169.194,Portugal,12/14/2014
164,Aviva,Manuele,amanuele4j@cornell.edu,Female,94.125.7.236,Indonesia,10/16/1962
165,Rocky,Hember,rhember4k@adobe.com,Male,66.218.156.5,Mexico,5/14/1993
166,Leila,Pallin,lpallin4l@freewebs.com,Female,81.174.252.173,Thailand,2/4/1971
167,Adore,Bales,abales4m@comsenz.com,Female,56.87.156.80,Indonesia,2/16/2000
168,Gratiana,Filipchikov,gfilipchikov4n@wordpress.com,Female,144.228.212.142,Indonesia,1/22/2004
169,Erasmus,Thridgould,ethridgould4o@mediafire.com,Male,171.110.6.156,Slovenia,1/13/2014
170,Issie,Mafham,imafham4p@economist.com,Female,239.123.218.135,Indonesia,9/2/1991
171,Ciel,Percy,cpercy4q@indiatimes.com,Female,134.110.55.71,Georgia,10/12/1971
172,Bari,Cranefield,bcranefield4r@tripod.com,Female,108.36.105.121,France,10/14/1960
173,Trish,Kalinovich,tkalinovich4s@51.la,Agender,77.88.42.125,Portugal,7/5/2008
174,Erna,Dellenbach,edellenbach4t@cyberchimps.com,Female,109.70.105.29,France,3/23/2008
175,Inez,Tapscott,itapscott4u@indiatimes.com,Female,159.59.202.187,Maldives,3/23/2001
176,Arlie,Amoore,aamoore4v@bloglovin.com,Female,234.28.218.176,China,9/11/1983
177,Jere,Dolohunty,jdolohunty4w@prnewswire.com,Genderqueer,12.203.157.202,Indonesia,11/15/1976
178,Shoshana,Rosbrough,srosbrough4x@time.com,Female,240.182.128.238,Bolivia,4/24/2001
179,Patrice,Atlee,patlee4y@behance.net,Male,237.204.53.223,France,4/19/1998
180,Ulrikaumeko,Croutear,ucroutear4z@delicious.com,Female,173.247.251.235,China,3/24/1969
181,Ruperto,De Vaar,rdevaar50@wikipedia.org,Male,49.196.210.170,Egypt,2/22/2017
182,Jilly,Bucktharp,jbucktharp51@ft.com,Female,45.192.182.103,Portugal,7/14/2005
183,Hasheem,Thorius,hthorius52@cbslocal.com,Male,172.182.72.18,Philippines,1/3/2005
184,Maxim,Fussie,mfussie53@yale.edu,Agender,81.229.195.116,Indonesia,8/23/1974
185,Aluino,Cawker,acawker54@princeton.edu,Male,75.229.26.105,China,6/10/2001
186,Stephen,Eagell,seagell55@cocolog-nifty.com,Male,163.197.61.47,Uganda,2/25/2013
187,Aprilette,Scripture,ascripture56@patch.com,Female,221.177.22.214,Nicaragua,3/18/1967
188,Denny,Avrahamy,davrahamy57@sciencedirect.com,Female,218.44.12.52,Ireland,5/8/2001
189,Adriane,Daltry,adaltry58@eepurl.com,Female,125.104.78.105,China,2/15/2006
190,Demetrius,Zollner,dzollner59@who.int,Male,153.104.30.192,Israel,11/23/1971
191,Candy,Yansons,cyansons5a@bing.com,Female,87.209.36.19,Indonesia,8/8/1990
192,Dom,Gainor,dgainor5b@wsj.com,Male,56.242.56.250,Indonesia,7/18/2008
193,Sherwynd,Wedmore.,swedmore5c@jigsy.com,Male,122.46.228.249,Brazil,10/25/2010
194,Avigdor,Shepland,ashepland5d@indiatimes.com,Male,251.105.184.167,United States,11/10/1977
195,Con,Trouel,ctrouel5e@parallels.com,Male,73.183.57.75,Czech Republic,3/30/1986
196,Vicki,Schoolcroft,vschoolcroft5f@live.com,Female,176.154.61.220,Finland,10/16/1964
197,Andi,Broadstock,abroadstock5g@shop-pro.jp,Female,118.120.230.94,Czech Republic,7/21/1981
198,Ernest,Sherringham,esherringham5h@prnewswire.com,Male,60.104.184.2,Myanmar,5/26/1968
199,Erina,Branche,ebranche5i@diigo.com,Female,148.228.122.30,Peru,3/1/2003
200,Nikolia,Chaves,nchaves5j@netlog.com,Female,98.209.192.186,Afghanistan,12/20/1979
201,Griff,De Ruggero,gderuggero5k@wikipedia.org,Male,181.234.39.32,Brazil,5/8/1960
202,Hilario,Rosentholer,hrosentholer5l@1und1.de,Male,47.213.130.63,Canada,8/31/1973
203,Nevins,Stoodale,nstoodale5m@prweb.com,Male,248.94.154.87,Iraq,11/15/2021
204,Callida,Angrave,cangrave5n@vistaprint.com,Female,98.21.167.46,Nicaragua,3/17/2020
205,Gerhard,Whitefoot,gwhitefoot5o@examiner.com,Male,112.241.217.235,United States,12/17/1984
206,Valera,Galey,vgaley5p@google.it,Female,229.59.52.199,Argentina,10/18/1990
207,Goldi,Wem,gwem5q@blogger.com,Female,153.167.18.77,Ukraine,3/9/1963
208,Chrotoem,Tirrell,ctirrell5r@istockphoto.com,Male,243.215.231.101,Poland,3/23/1979
209,Dolf,Impey,dimpey5s@hp.com,Male,159.120.246.187,China,1/15/1981
210,Aldis,Ohanessian,aohanessian5t@cnbc.com,Male,217.145.195.111,Mexico,3/30/1966
211,Lay,Taylorson,ltaylorson5u@salon.com,Male,141.121.202.42,Sweden,5/12/1980
212,Darcie,McEntagart,dmcentagart5v@youtube.com,Female,27.10.165.236,China,1/21/2011
213,Ruth,Aubery,raubery5w@wp.com,Female,231.2.32.129,Ukraine,2/18/2003
214,Leslie,Paunsford,lpaunsford5x@sohu.com,Male,255.121.215.194,Myanmar,10/9/1984
215,Mirilla,Jzak,mjzak5y@mlb.com,Female,217.89.133.42,Philippines,2/23/2017
216,Benedetto,Batchley,bbatchley5z@mysql.com,Male,171.207.206.175,Sweden,11/7/2011
217,Viola,Sitlington,vsitlington60@blinklist.com,Female,215.26.61.181,Czech Republic,1/31/2011
218,Janean,Oxbury,joxbury61@chicagotribune.com,Female,216.146.19.60,Indonesia,12/16/1970
219,Marius,Tooher,mtooher62@marketwatch.com,Male,183.12.44.27,China,11/12/1982
220,Jule,McGlaughn,jmcglaughn63@flavors.me,Male,251.84.224.230,Czech Republic,4/17/1965
221,Rozanne,Gooderham,rgooderham64@google.ca,Female,212.248.112.176,United States,12/2/1965
222,Earle,Piddock,epiddock65@elpais.com,Male,246.216.227.36,Portugal,5/10/1972
223,Cesya,Bagenal,cbagenal66@hud.gov,Female,149.109.117.172,China,7/14/2016
224,Bran,Harmstone,bharmstone67@tinypic.com,Male,51.254.214.197,China,4/15/1975
225,Hailey,Corrado,hcorrado68@miibeian.gov.cn,Male,203.215.198.100,Ukraine,5/18/1973
226,Delphine,Grabham,dgrabham69@ed.gov,Female,119.191.220.73,Thailand,1/18/1976
227,Giovanna,Oulner,goulner6a@topsy.com,Female,139.45.6.51,Indonesia,4/19/2004
228,Amandie,Ovid,aovid6b@networkadvertising.org,Female,8.129.121.122,China,6/11/2010
229,Moria,Lagden,mlagden6c@auda.org.au,Agender,107.177.188.234,China,2/5/2013
230,Inness,Cattemull,icattemull6d@indiegogo.com,Male,129.52.189.58,Cuba,12/8/2018
231,Mahmud,Gronou,mgronou6e@washingtonpost.com,Agender,36.34.246.47,France,11/3/2003
232,Ansley,Gillise,agillise6f@purevolume.com,Female,95.66.133.94,Democratic Republic of the Congo,12/11/2019
233,Kristien,Mulqueeny,kmulqueeny6g@google.com.au,Female,249.124.236.49,Poland,7/27/2007
234,Dniren,McKechnie,dmckechnie6h@answers.com,Female,167.22.40.111,Indonesia,3/18/1967
235,Roldan,Wisker,rwisker6i@google.ca,Male,97.86.4.185,Brazil,9/30/1990
236,Brooks,Youd,byoud6j@columbia.edu,Male,137.93.21.71,Vietnam,7/4/1971
237,Wells,Alesi,walesi6k@aboutads.info,Male,10.197.136.149,China,6/30/1983
238,Sheena,Smeall,ssmeall6l@google.ru,Female,244.1.56.43,Mongolia,1/20/1964
239,Kass,Schurig,kschurig6m@pcworld.com,Female,36.64.13.75,Russia,1/23/1963
240,Nissa,Elsmor,nelsmor6n@adobe.com,Genderfluid,49.120.33.163,Democratic Republic of the Congo,5/3/1962
241,Haydon,Rydeard,hrydeard6o@i2i.jp,Male,64.150.104.146,Indonesia,7/16/1966
242,Silvie,Kleen,skleen6p@noaa.gov,Female,224.229.127.50,Russia,3/28/1972
243,Jecho,Reinbech,jreinbech6q@ebay.co.uk,Male,119.235.205.18,Poland,8/8/1981
244,Antons,Morhall,amorhall6r@skype.com,Male,240.178.182.72,Sweden,1/10/2002
245,Dav,Rothery,drothery6s@go.com,Male,118.56.168.207,China,2/6/1966
246,Gigi,Dufton,gdufton6t@house.gov,Female,215.110.52.166,China,4/27/1978
247,Itch,Tilte,itilte6u@java.com,Male,102.88.234.170,Czech Republic,2/11/1983
248,Hester,Yockley,hyockley6v@zimbio.com,Female,23.199.115.194,Honduras,11/11/1973
249,Osborn,Fennelow,ofennelow6w@intel.com,Male,112.170.54.192,France,4/25/2004
250,Mollee,Jolliff,mjolliff6x@theguardian.com,Female,70.101.230.224,Philippines,11/17/2011
251,Avrom,Falloon,afalloon6y@blogs.com,Male,202.250.254.133,Ukraine,6/8/1983
252,Avrit,Isaacs,aisaacs6z@japanpost.jp,Female,80.165.27.167,South Korea,4/30/1983
253,Klarika,Akess,kakess70@ezinearticles.com,Female,58.229.204.202,Indonesia,8/26/2012
254,Paco,Ellerman,pellerman71@imgur.com,Male,204.47.203.221,Portugal,7/17/1994
255,Constantine,Gooly,cgooly72@icq.com,Male,185.58.251.68,Germany,7/19/2021
256,Georgiana,Hanniger,ghanniger73@prweb.com,Female,58.180.248.99,Poland,10/7/1966
257,Iolande,Ringwood,iringwood74@twitter.com,Female,129.126.194.199,Philippines,1/16/2011
258,Stavros,Fellini,sfellini75@vistaprint.com,Male,135.223.195.101,Bahamas,4/26/2010
259,Kayne,Dines,kdines76@gravatar.com,Male,250.253.200.217,Lithuania,1/28/1963
260,Alano,Flitcroft,aflitcroft77@nsw.gov.au,Male,14.226.202.41,Finland,5/25/1966
261,Leticia,Grills,lgrills78@wsj.com,Female,20.53.44.130,China,11/18/1969
262,Natasha,Blumfield,nblumfield79@ow.ly,Female,107.43.190.188,Argentina,5/9/2005
263,Raine,Sagerson,rsagerson7a@theatlantic.com,Non-binary,53.228.76.22,Nigeria,9/1/2006
264,Peter,Conklin,pconklin7b@hostgator.com,Genderqueer,156.101.197.174,China,10/17/2019
265,Micki,Costan,mcostan7c@globo.com,Female,145.126.92.95,China,8/4/2003
266,Fawnia,Tumulty,ftumulty7d@360.cn,Female,57.71.233.131,China,8/29/2021
267,Lauralee,Prest,lprest7e@4shared.com,Female,227.226.17.193,Russia,6/16/1991
268,Amerigo,Heijnen,aheijnen7f@hugedomains.com,Polygender,152.165.159.180,United States,3/3/1987
269,Damon,Clow,dclow7g@usnews.com,Male,183.145.113.10,China,11/1/2016
270,Silva,Soaper,ssoaper7h@dailymail.co.uk,Female,193.142.32.209,Poland,11/3/1997
271,Erl,Tzarkov,etzarkov7i@twitter.com,Male,207.99.225.174,Indonesia,3/6/1974
272,Orion,Joberne,ojoberne7j@wsj.com,Male,141.210.128.123,Portugal,11/13/1985
273,Agace,Rahlof,arahlof7k@ocn.ne.jp,Female,253.83.126.110,Comoros,5/18/1982
274,Gavan,Hemphall,ghemphall7l@storify.com,Male,76.255.235.30,Philippines,11/17/1960
275,Tyrone,Hasty,thasty7m@linkedin.com,Male,11.95.60.39,Iraq,5/5/1981
276,Kyle,Corneil,kcorneil7n@ning.com,Non-binary,100.94.129.186,Uganda,5/25/2001
277,Heloise,Shillaker,hshillaker7o@51.la,Female,12.226.6.109,Mexico,7/22/1986
278,Catriona,Barson,cbarson7p@skype.com,Female,45.127.166.57,China,12/7/2009
279,Zachariah,Dabell,zdabell7q@japanpost.jp,Polygender,15.98.211.22,Indonesia,8/2/2017
280,Domeniga,Daggett,ddaggett7r@hubpages.com,Female,251.153.30.146,Portugal,5/5/1983
281,Heath,Shadbolt,hshadbolt7s@howstuffworks.com,Female,137.112.61.113,Sweden,10/5/1967
282,Binky,Shipp,bshipp7t@toplist.cz,Male,88.105.19.34,Russia,5/18/2021
283,Kelley,Thandi,kthandi7u@dot.gov,Female,51.181.25.194,Libya,11/14/1970
284,Kiley,MacNeilly,kmacneilly7v@studiopress.com,Female,106.118.124.168,Cuba,7/15/2007
285,Gal,Cruden,gcruden7w@ftc.gov,Bigender,5.45.17.162,Indonesia,9/28/2017
286,Kylynn,Burberry,kburberry7x@prlog.org,Female,194.103.72.35,Poland,5/1/2007
287,Ursulina,Clell,uclell7y@amazonaws.com,Female,77.46.163.60,Sweden,5/2/1994
288,Darby,Bowhay,dbowhay7z@pen.io,Female,78.75.151.100,Kyrgyzstan,8/6/2014
289,Ronda,Reddyhoff,rreddyhoff80@oracle.com,Female,32.223.46.120,Poland,10/28/1998
290,Pavlov,Crowter,pcrowter81@goo.ne.jp,Male,232.240.120.248,Sweden,10/13/1980
291,Bearnard,Keddle,bkeddle82@etsy.com,Male,13.224.178.116,Canada,12/14/1994
292,Jackelyn,Buttrick,jbuttrick83@digg.com,Genderqueer,126.22.123.154,Russia,9/5/1999
293,Ralina,Adamik,radamik84@constantcontact.com,Female,238.19.91.54,Germany,10/14/1964
294,Allard,Osorio,aosorio85@bloomberg.com,Male,90.198.3.79,Nepal,6/19/2015
295,Kamillah,Souness,ksouness86@google.com,Female,92.166.111.76,Philippines,2/2/1969
296,Demott,Smeed,dsmeed87@friendfeed.com,Male,227.46.126.41,Sweden,3/17/2019
297,Bibi,Carabine,bcarabine88@rediff.com,Genderfluid,50.148.221.219,Japan,9/29/1994
298,Annabell,Arrighetti,aarrighetti89@unesco.org,Female,129.91.90.222,Finland,6/13/2002
299,Haslett,Mattsson,hmattsson8a@odnoklassniki.ru,Male,24.74.87.248,Peru,3/23/1972
300,Alyssa,Duffer,aduffer8b@addthis.com,Female,156.40.225.53,Russia,8/2/1984
301,Lorena,Shackel,lshackel8c@admin.ch,Female,150.122.247.177,Ukraine,1/2/1976
302,Dino,Vaneev,dvaneev8d@dmoz.org,Bigender,90.46.70.57,China,8/4/2009
303,Lennie,Gall,lgall8e@mit.edu,Male,118.41.189.191,China,1/14/1994
304,Vivien,Heffernan,vheffernan8f@geocities.jp,Female,246.20.30.21,Ukraine,1/26/2001
305,Harrison,Rebbeck,hrebbeck8g@ucoz.com,Male,25.58.202.189,United States,11/15/2009
306,Don,Lucien,dlucien8h@amazon.co.uk,Genderfluid,64.174.162.137,Brazil,10/18/2007
307,Nickolas,Piddle,npiddle8i@gmpg.org,Male,92.41.102.18,Canada,7/22/1961
308,Kaia,Juniper,kjuniper8j@ibm.com,Female,52.55.54.83,Brazil,12/19/1964
309,Teddy,Palia,tpalia8k@hp.com,Male,38.104.120.169,Russia,7/23/1978
310,Bridie,Cree,bcree8l@google.cn,Female,200.191.54.186,Japan,10/4/1975
311,Cilka,Bumby,cbumby8m@toplist.cz,Female,14.70.248.189,Brazil,6/10/2006
312,Townsend,Jeannard,tjeannard8n@uol.com.br,Male,31.53.51.70,China,2/13/1985
313,Arnie,Fruen,afruen8o@unesco.org,Male,147.162.190.9,Japan,1/19/2015
314,Averyl,Klimashevich,aklimashevich8p@biblegateway.com,Female,224.235.237.229,China,1/10/2005
315,Caritta,Oakes,coakes8q@ca.gov,Female,154.249.173.65,China,4/13/1995
316,Antin,Stuchbury,astuchbury8r@comsenz.com,Male,1.157.199.27,China,3/8/1987
317,Ruprecht,Corser,rcorser8s@house.gov,Male,137.65.29.184,New Zealand,12/6/1977
318,Noreen,Gorman,ngorman8t@clickbank.net,Female,78.129.169.18,China,7/27/1998
319,Kingston,Moynihan,kmoynihan8u@clickbank.net,Male,151.196.41.168,China,8/26/1999
320,Alica,Chicchetto,achicchetto8v@marriott.com,Female,64.139.249.53,Greece,11/8/1973
321,Zulema,Lattie,zlattie8w@cnbc.com,Female,218.16.111.160,Bulgaria,4/12/1984
322,Rawley,Rame,rrame8x@jiathis.com,Male,177.32.188.212,China,10/27/1984
323,Caterina,McGilben,cmcgilben8y@canalblog.com,Female,182.144.251.23,Philippines,12/1/2019
324,Godfree,Sambeck,gsambeck8z@eventbrite.com,Male,13.227.247.55,Philippines,3/9/2002
325,Immanuel,Cowndley,icowndley90@dyndns.org,Non-binary,39.22.53.82,Indonesia,4/18/1964
326,Lena,Chastney,lchastney91@mapquest.com,Female,163.196.227.81,Philippines,9/21/1986
327,Paco,Ralls,pralls92@com.com,Male,95.213.185.152,Brazil,5/19/1976
328,Viviana,Artus,vartus93@techcrunch.com,Female,150.230.217.35,China,1/1/1968
329,Gregoire,Rowantree,growantree94@si.edu,Male,75.81.253.188,Bolivia,9/5/2005
330,Jelene,O'Crotty,jocrotty95@exblog.jp,Female,115.6.0.78,Chile,7/15/2007
331,Carmen,Vale,cvale96@twitpic.com,Female,163.191.149.194,Philippines,3/2/1986
332,Morena,Gianinotti,mgianinotti97@sciencedaily.com,Female,44.148.201.14,China,8/8/1964
333,Osbourn,Boteman,oboteman98@netvibes.com,Male,15.70.19.111,China,7/24/2017
334,Jolynn,Yukhnov,jyukhnov99@exblog.jp,Female,184.250.230.127,Peru,10/4/1976
335,Laney,Hearle,lhearle9a@cafepress.com,Male,100.200.60.144,Indonesia,3/12/2016
336,Neal,McKennan,nmckennan9b@google.com,Male,160.222.142.30,Brazil,1/19/1968
337,Rutherford,Giroldo,rgiroldo9c@t.co,Male,52.251.189.67,Russia,9/23/2001
338,Madel,Karchowski,mkarchowski9d@statcounter.com,Female,128.151.205.1,Albania,4/21/2010
339,Dyan,Gillison,dgillison9e@earthlink.net,Female,122.205.97.255,China,3/11/1979
340,Brantley,Willas,bwillas9f@nih.gov,Male,49.184.98.14,Philippines,8/2/2017
341,Ramsey,Ghelerdini,rghelerdini9g@yellowbook.com,Male,121.188.164.253,China,3/28/2016
342,Cahra,Tregenza,ctregenza9h@ucsd.edu,Polygender,152.41.81.19,Pakistan,4/8/2007
343,Niccolo,Seth,nseth9i@unc.edu,Male,235.190.47.242,China,11/8/1984
344,Biron,Arnaut,barnaut9j@dailymail.co.uk,Male,208.41.222.42,Russia,1/17/2001
345,Rafaelia,Eddy,reddy9k@networkadvertising.org,Female,88.180.3.229,China,12/12/1982
346,Abran,Webermann,awebermann9l@storify.com,Male,123.91.214.107,Philippines,4/7/1971
347,Blake,Durbridge,bdurbridge9m@cbslocal.com,Agender,87.52.2.93,Malta,9/3/1974
348,Montague,Danielli,mdanielli9n@yolasite.com,Male,79.165.65.63,Indonesia,2/19/1994
349,Tracie,Fonteyne,tfonteyne9o@ustream.tv,Female,234.231.234.107,China,5/2/2013
350,Baryram,Vallentine,bvallentine9p@ow.ly,Male,161.93.46.71,Sri Lanka,9/21/2008
351,Berty,Masurel,bmasurel9q@telegraph.co.uk,Female,214.41.46.154,Russia,3/1/1966
352,Burtie,Punter,bpunter9r@amazon.de,Male,255.14.110.110,Eritrea,9/10/1995
353,Loren,Bacher,lbacher9s@xinhuanet.com,Male,101.252.102.117,Sweden,7/10/1991
354,Orelie,Meachan,omeachan9t@hatena.ne.jp,Female,72.44.68.13,Indonesia,5/5/2016
355,Heath,Irons,hirons9u@msn.com,Male,83.6.63.163,Indonesia,6/28/2014
356,Gipsy,Rayhill,grayhill9v@ft.com,Female,1.253.124.176,United States,8/1/2009
357,Creigh,Bartolommeo,cbartolommeo9w@godaddy.com,Male,173.185.107.85,France,8/14/1977
358,Ted,Copas,tcopas9x@wikia.com,Female,69.223.225.81,Ukraine,5/25/1992
359,Bartholomeus,Eadmead,beadmead9y@ucla.edu,Bigender,151.219.8.114,Indonesia,7/23/1961
360,Loraine,Dedon,ldedon9z@sciencedaily.com,Female,65.129.92.112,China,10/3/2012
361,Caron,Merriday,cmerridaya0@myspace.com,Female,176.47.5.165,Norway,4/11/1970
362,Blair,Goodered,bgoodereda1@mozilla.org,Male,149.140.211.242,Argentina,1/15/1994
363,Zachary,Casari,zcasaria2@issuu.com,Bigender,163.122.93.21,Poland,7/8/2001
364,Hermy,Zoephel,hzoephela3@gov.uk,Male,72.20.37.132,Greece,6/30/1990
365,Michale,McPolin,mmcpolina4@symantec.com,Male,187.241.30.147,Indonesia,7/12/1975
366,Micheal,Weildish,mweildisha5@hubpages.com,Male,90.231.187.199,Czech Republic,11/11/1977
367,Cynthy,Cinavas,ccinavasa6@arstechnica.com,Female,42.140.68.221,Sweden,10/10/2014
368,Ardith,Nannini,ananninia7@newsvine.com,Genderqueer,193.216.105.121,Canada,2/25/1976
369,Darla,Preuvost,dpreuvosta8@instagram.com,Female,152.73.112.38,Philippines,6/28/2008
370,Jermain,Dumphry,jdumphrya9@hugedomains.com,Male,84.125.167.69,Russia,9/23/2001
371,Elroy,Maystone,emaystoneaa@about.com,Male,90.190.87.56,Indonesia,4/22/1983
372,Gardiner,Tinner,gtinnerab@ehow.com,Male,149.151.230.65,Indonesia,6/8/2012
373,Inger,Margetson,imargetsonac@facebook.com,Male,60.183.209.230,Russia,4/21/1987
374,Marc,Dunge,mdungead@ucla.edu,Genderfluid,31.207.167.38,Poland,1/31/1967
375,Sigismondo,Siley,ssileyae@newsvine.com,Male,159.160.32.100,Venezuela,4/27/1967
376,Felic,Pearcehouse,fpearcehouseaf@shinystat.com,Male,91.148.69.62,China,3/12/1984
377,Lilia,Priddy,lpriddyag@t-online.de,Genderqueer,237.134.96.201,Honduras,3/28/1976
378,Emily,Shelmerdine,eshelmerdineah@elpais.com,Female,19.83.124.20,Mauritius,9/30/2000
379,Griselda,Bundock,gbundockai@soup.io,Female,194.1.71.228,Philippines,1/16/2003
380,Suzann,Matyukon,smatyukonaj@cnn.com,Female,117.2.53.60,Japan,12/17/2015
381,Dorthea,Peerless,dpeerlessak@discovery.com,Female,105.165.252.0,China,7/25/1997
382,Ted,Phizakarley,tphizakarleyal@webmd.com,Female,205.24.21.228,China,4/27/1961
383,Smitty,Synan,ssynanam@dropbox.com,Male,168.91.144.204,United Kingdom,8/20/1984
384,Griselda,Grayland,ggraylandan@hibu.com,Non-binary,221.118.157.111,Argentina,2/11/1994
385,Avery,Richin,arichinao@unc.edu,Male,187.95.14.118,Brazil,1/27/2007
386,Tabb,Bouller,tboullerap@sfgate.com,Male,109.154.136.84,Poland,10/25/2015
387,Christina,Wolpert,cwolpertaq@prnewswire.com,Female,133.207.103.145,Russia,10/12/1976
388,Bobbye,Questier,bquestierar@apache.org,Female,227.70.71.185,Azerbaijan,5/26/2013
389,Ingemar,Golda,igoldaas@seattletimes.com,Male,112.203.72.149,Costa Rica,11/29/2002
390,Marlyn,Sommerled,msommerledat@google.ru,Female,238.22.144.64,China,1/24/2014
391,Florette,Whittier,fwhittierau@dell.com,Female,139.99.214.96,China,7/20/1964
392,Stacy,Karle,skarleav@xing.com,Male,239.51.21.2,France,4/30/1960
393,Juline,Lias,jliasaw@cbslocal.com,Female,134.142.35.135,Indonesia,1/8/2011
394,Fiann,Ransbury,fransburyax@phoca.cz,Female,214.225.174.10,Israel,6/10/1986
395,Boothe,Hedau,bhedauay@webmd.com,Male,129.211.250.240,China,3/10/1984
396,Bron,Illesley,billesleyaz@sun.com,Male,114.133.65.214,Philippines,5/16/1960
397,Cyndi,Brasener,cbrasenerb0@ed.gov,Female,58.82.29.114,Uganda,3/9/1969
398,Julienne,Garmons,jgarmonsb1@un.org,Polygender,15.219.152.227,Philippines,4/29/1980
399,Aurie,Sparkes,asparkesb2@jigsy.com,Female,41.158.4.196,Poland,2/25/2012
400,Saunders,Wylam,swylamb3@squarespace.com,Male,40.48.161.141,Central African Republic,5/14/1977
401,Max,Sanpere,msanpereb4@hugedomains.com,Female,95.103.21.206,Brazil,9/15/1989
402,Eben,Sapauton,esapautonb5@baidu.com,Polygender,115.164.98.126,Brazil,9/28/2011
403,Lindsay,Nast,lnastb6@nydailynews.com,Male,112.167.69.86,Thailand,5/23/2012
404,Claudio,Leaf,cleafb7@answers.com,Male,228.19.179.204,Indonesia,5/28/1992
405,Chance,Trustie,ctrustieb8@taobao.com,Polygender,252.216.141.237,China,8/1/1996
406,Pryce,Athowe,pathoweb9@nyu.edu,Non-binary,22.51.33.197,China,9/10/1968
407,Dewitt,Cartan,dcartanba@pcworld.com,Male,117.28.122.81,Vietnam,11/4/2015
408,Tedda,Bricham,tbrichambb@live.com,Genderqueer,14.169.105.81,Luxembourg,1/19/2006
409,Kessia,Jovasevic,kjovasevicbc@mlb.com,Polygender,5.192.100.253,Philippines,2/18/2002
410,Merlina,Otson,motsonbd@about.me,Female,155.128.102.205,Mongolia,7/19/1978
411,Emogene,Blethin,eblethinbe@cisco.com,Female,254.220.85.195,Czech Republic,1/26/1991
412,Flor,Zaczek,fzaczekbf@nydailynews.com,Female,139.255.49.73,Indonesia,7/2/2004
413,Camala,Hatto,chattobg@comcast.net,Female,147.54.100.186,Philippines,5/11/1979
414,Jourdain,Petkovic,jpetkovicbh@desdev.cn,Male,234.233.102.104,Poland,8/23/1973
415,Harriott,Tockell,htockellbi@sun.com,Female,25.190.23.223,Mexico,7/24/1981
416,Glennis,Brawn,gbrawnbj@instagram.com,Female,134.166.172.67,Netherlands,11/7/2006
417,Armando,Dearness,adearnessbk@cyberchimps.com,Male,0.81.210.191,Indonesia,11/5/1976
418,Jobye,Reavey,jreaveybl@marketwatch.com,Female,245.57.73.63,Indonesia,8/15/1968
419,Bryant,Souster,bsousterbm@technorati.com,Male,207.240.71.150,Egypt,5/26/1966
420,Ulla,Shortan,ushortanbn@deviantart.com,Female,122.97.234.78,Pakistan,3/22/2021
421,Cristobal,Strivens,cstrivensbo@wix.com,Male,114.18.102.96,Croatia,5/19/1997
422,Dene,Crowthe,dcrowthebp@cdbaby.com,Male,124.103.132.37,China,11/1/1988
423,Tally,Conduit,tconduitbq@gizmodo.com,Male,91.150.1.211,Zimbabwe,7/20/2020
424,Simonette,Tainton,staintonbr@blogs.com,Female,158.246.179.144,Serbia,8/29/2003
425,Zackariah,Luckcuck,zluckcuckbs@shareasale.com,Male,2.224.23.31,Philippines,1/18/1980
426,Nicolette,Checchi,nchecchibt@bbc.co.uk,Genderqueer,190.153.49.18,Portugal,9/26/1966
427,Teodorico,Pfeiffer,tpfeifferbu@engadget.com,Male,80.251.49.32,Indonesia,8/8/2004
428,Thorn,Greve,tgrevebv@reverbnation.com,Male,38.133.238.251,Argentina,1/22/1991
429,Kristal,Cleghorn,kcleghornbw@geocities.com,Female,156.10.247.255,Poland,9/28/1971
430,Ronnie,Llorente,rllorentebx@furl.net,Male,66.87.95.52,China,2/13/2021
431,Tony,Ingle,tingleby@fc2.com,Male,176.198.166.157,Kenya,4/12/1986
432,Stefano,Cuardall,scuardallbz@howstuffworks.com,Male,227.192.61.171,Poland,3/20/1964
433,Alfy,Davidwitz,adavidwitzc0@nyu.edu,Male,226.135.61.36,China,2/27/1969
434,Glory,Budgett,gbudgettc1@ehow.com,Genderqueer,13.127.172.18,Comoros,6/27/1970
435,Eli,Calley,ecalleyc2@123-reg.co.uk,Male,114.233.62.146,Indonesia,3/22/1970
436,Ailbert,Itschakov,aitschakovc3@dedecms.com,Male,102.244.222.140,United States,11/7/1984
437,Thom,Parlot,tparlotc4@usgs.gov,Male,9.10.177.10,Argentina,5/8/2010
438,Franzen,Megarrell,fmegarrellc5@ask.com,Male,207.164.223.86,South Africa,3/21/2000
439,Melania,Persian,mpersianc6@ameblo.jp,Female,60.54.199.10,Bulgaria,9/25/1986
440,Jemmy,Lillo,jlilloc7@illinois.edu,Female,132.44.48.230,Slovenia,11/30/1967
441,Reilly,Brandenburg,rbrandenburgc8@reference.com,Male,24.125.244.6,Benin,9/6/1985
442,Bertine,Beacock,bbeacockc9@lulu.com,Female,201.2.46.24,Ukraine,6/4/1971
443,Claude,Streeton,cstreetonca@nytimes.com,Female,162.73.19.255,Morocco,1/10/1999
444,Devora,Bannell,dbannellcb@eepurl.com,Female,222.163.105.7,Venezuela,1/6/1971
445,Rutter,Franciskiewicz,rfranciskiewiczcc@eepurl.com,Male,202.3.13.8,Brazil,2/9/1966
446,Prudi,Threader,pthreadercd@soundcloud.com,Female,93.86.150.45,Russia,7/28/1990
447,Drugi,Sivorn,dsivornce@phoca.cz,Male,205.201.185.229,China,3/10/2021
448,Wallache,Spurgeon,wspurgeoncf@goo.gl,Male,246.158.124.62,Kenya,10/25/1990
449,Elfrieda,Amberson,eambersoncg@craigslist.org,Genderfluid,55.191.156.131,South Africa,8/5/2008
450,Carson,Baldacchi,cbaldacchich@apache.org,Male,188.53.204.85,Indonesia,5/7/1987
451,Alysa,Benduhn,abenduhnci@yellowbook.com,Female,250.208.52.128,Philippines,5/7/1998
452,Roxine,Denziloe,rdenziloecj@dyndns.org,Female,150.179.118.126,United States,8/23/1965
453,Naomi,Gemlbett,ngemlbettck@craigslist.org,Female,131.84.154.26,Tanzania,1/21/1973
454,Harv,Mirams,hmiramscl@mapy.cz,Male,115.118.97.136,Poland,1/24/1971
455,Alfy,Millhouse,amillhousecm@slideshare.net,Male,236.143.230.3,China,1/1/1997
456,Fair,Schlag,fschlagcn@deviantart.com,Male,95.155.164.59,China,10/13/1987
457,Rodolphe,Roylance,rroylanceco@goodreads.com,Male,236.150.46.41,Ukraine,12/4/1975
458,Marcos,Sailes,msailescp@narod.ru,Male,142.114.95.170,Albania,6/1/1990
459,Far,Hamp,fhampcq@discovery.com,Male,36.248.22.153,Brazil,11/27/1984
460,Leonie,Eddins,leddinscr@naver.com,Female,92.76.225.167,Mauritius,9/22/1982
461,Brittaney,Duhig,bduhigcs@businesswire.com,Female,106.28.203.176,Russia,2/17/1989
462,Brook,Pappi,bpappict@friendfeed.com,Male,233.223.140.64,Botswana,7/19/2013
463,Toddy,Fromont,tfromontcu@fotki.com,Male,34.114.213.197,El Salvador,5/28/1991
464,Kalvin,Ormerod,kormerodcv@bizjournals.com,Male,82.30.96.139,China,5/6/1979
465,Evyn,Nix,enixcw@ca.gov,Male,26.44.35.168,Indonesia,2/19/2007
466,Aguistin,Dungee,adungeecx@stumbleupon.com,Male,238.214.176.160,China,1/8/1993
467,Ernestus,Laurencot,elaurencotcy@usa.gov,Male,40.146.6.19,Honduras,5/1/2011
468,Padget,Gorry,pgorrycz@alexa.com,Male,180.93.176.41,Russia,9/5/1971
469,Janeen,Mellings,jmellingsd0@independent.co.uk,Female,137.226.177.13,China,1/30/1964
470,Fara,Meiklem,fmeiklemd1@myspace.com,Female,24.125.52.221,Brazil,7/29/1980
471,Ludovika,Kellett,lkellettd2@dagondesign.com,Female,92.211.225.105,Czech Republic,12/22/1989
472,Vitia,Kelle,vkelled3@google.ca,Female,109.204.73.9,China,3/22/1989
473,Marc,Blinckhorne,mblinckhorned4@shareasale.com,Male,80.177.78.234,Finland,3/2/1992
474,Holly,Beardsell,hbeardselld5@reverbnation.com,Female,133.186.35.133,Morocco,10/19/2003
475,Sigvard,MacRury,smacruryd6@shutterfly.com,Male,164.176.57.239,Palestinian Territory,9/19/1994
476,Carrol,Colvine,ccolvined7@shareasale.com,Genderfluid,156.197.37.30,South Africa,3/13/2000
477,Dorelle,Pentlow,dpentlowd8@loc.gov,Female,32.121.241.38,Colombia,4/1/2020
478,Ingrim,Keigher,ikeigherd9@bloomberg.com,Male,119.215.22.243,Brazil,7/11/2015
479,Vikky,Thalmann,vthalmannda@amazon.com,Female,155.18.70.92,Zimbabwe,8/13/1975
480,Ingelbert,Graben,igrabendb@netscape.com,Male,188.206.43.177,Poland,5/11/1983
481,Giorgia,Butting,gbuttingdc@latimes.com,Female,255.142.94.41,China,3/11/2003
482,Manolo,Rickard,mrickarddd@addthis.com,Male,69.250.55.91,China,8/10/1962
483,Kacy,Landis,klandisde@cnbc.com,Female,71.59.169.86,China,9/13/1970
484,Tory,Posen,tposendf@symantec.com,Female,19.248.39.115,Maldives,2/25/1993
485,Tasha,Yakunkin,tyakunkindg@google.com.br,Female,68.170.96.72,Indonesia,3/2/2016
486,Katlin,McPhail,kmcphaildh@amazon.com,Female,10.7.63.164,Indonesia,10/30/1966
487,Charlie,Pepin,cpepindi@ow.ly,Male,231.196.95.165,Czech Republic,6/1/2010
488,Lynn,Hopkyns,lhopkynsdj@amazonaws.com,Male,71.146.64.51,Indonesia,9/22/1992
489,Valera,Durbann,vdurbanndk@diigo.com,Female,80.123.43.146,Indonesia,12/11/2000
490,Camella,Austwick,caustwickdl@smugmug.com,Female,228.138.249.156,China,1/12/1992
491,Ariela,McGuffog,amcguffogdm@patch.com,Female,70.74.4.182,Paraguay,4/30/2001
492,Bird,Eton,betondn@4shared.com,Genderqueer,84.168.195.72,Uzbekistan,3/6/1998
493,Melonie,Mahomet,mmahometdo@si.edu,Female,116.231.97.207,Indonesia,1/19/2007
494,Jarad,McCandie,jmccandiedp@zimbio.com,Male,49.215.27.250,Nigeria,1/27/1990
495,Cullin,Brownlea,cbrownleadq@cargocollective.com,Male,175.142.204.209,Iran,3/10/1994
496,Cyndi,Going,cgoingdr@springer.com,Female,83.168.102.19,Indonesia,4/4/2011
497,Janela,Manntschke,jmanntschkeds@answers.com,Female,8.98.188.85,China,9/8/1974
498,Giacinta,Plows,gplowsdt@guardian.co.uk,Female,167.191.44.186,Uruguay,7/29/1976
499,Mohammed,Kuscha,mkuschadu@google.co.jp,Male,222.104.111.127,United States,11/15/2015
500,Gerhardt,Helks,ghelksdv@businessweek.com,Male,133.218.202.144,Indonesia,9/27/1986
501,Lane,Mc Gee,lmcgeedw@sciencedirect.com,Polygender,15.209.86.150,China,8/27/2017
502,Bondy,Pellant,bpellantdx@scientificamerican.com,Male,49.140.156.236,Cuba,2/15/2014
503,Ephrayim,Pennetta,epennettady@yellowpages.com,Male,135.255.137.149,Poland,11/21/2019
504,Niccolo,Klimsch,nklimschdz@unesco.org,Male,148.162.184.203,Ukraine,10/19/1973
505,Audrye,Maplesden,amaplesdene0@over-blog.com,Female,173.245.27.201,China,8/30/2014
506,Annalise,Josilowski,ajosilowskie1@uiuc.edu,Genderfluid,90.215.73.121,China,2/4/2014
507,Theadora,Rapin,trapine2@csmonitor.com,Genderqueer,22.232.201.142,France,2/15/2013
508,Julian,Poyzer,jpoyzere3@soundcloud.com,Male,171.48.199.174,Indonesia,1/5/1997
509,Maren,Tanman,mtanmane4@scientificamerican.com,Female,91.120.115.184,Paraguay,12/29/2010
510,Edgard,Sydall,esydalle5@economist.com,Male,201.148.163.113,Japan,2/21/1983
511,Nollie,Oxbrow,noxbrowe6@apple.com,Male,250.149.157.195,Japan,6/1/2018
512,Gunther,Avramovic,gavramovice7@wikia.com,Male,139.199.198.61,Czech Republic,11/26/2012
513,Cosette,Stroyan,cstroyane8@tinypic.com,Female,137.18.29.243,Indonesia,10/30/2021
514,Virgil,Dearlove,vdearlovee9@omniture.com,Male,43.97.255.216,Russia,7/6/2001
515,Sam,MacLennan,smaclennanea@webnode.com,Male,42.194.210.151,Indonesia,6/7/2008
516,Renato,Thirlwall,rthirlwalleb@ycombinator.com,Male,180.23.63.54,Philippines,10/2/2009
517,Gloriana,Cockle,gcockleec@xrea.com,Female,94.56.104.239,Ukraine,7/11/2019
518,Jedediah,Larking,jlarkinged@domainmarket.com,Male,39.154.87.71,Indonesia,2/8/2007
519,Frasier,Conigsby,fconigsbyee@amazon.de,Male,195.47.7.196,Mexico,12/26/1980
520,Pattie,Worms,pwormsef@taobao.com,Female,80.167.229.171,Argentina,9/18/1997
521,Lilas,Cobello,lcobelloeg@sitemeter.com,Female,165.219.239.29,Indonesia,11/13/1970
522,Trista,Macieja,tmaciejaeh@cnbc.com,Female,49.170.172.62,Bangladesh,8/31/1980
523,Vinny,Nanninini,vnannininiei@ucsd.edu,Male,71.3.159.198,Peru,6/16/2004
524,Arlinda,Ellerbeck,aellerbeckej@hao123.com,Female,71.134.237.60,Japan,10/28/1961
525,Rowe,Aspel,raspelek@digg.com,Female,42.53.91.233,Indonesia,4/13/2002
526,Daniella,Chatell,dchatellel@ucoz.ru,Female,254.81.192.235,France,7/19/1980
527,Marja,Baddam,mbaddamem@miibeian.gov.cn,Female,90.80.170.113,Finland,3/18/1977
528,Gardie,Reinert,greinerten@flavors.me,Male,241.229.129.94,Russia,2/18/1982
529,Bearnard,Brydell,bbrydelleo@yelp.com,Male,216.104.147.44,Russia,6/2/2002
530,Melany,Jeste,mjesteep@miibeian.gov.cn,Agender,153.193.6.98,Kazakhstan,11/13/1980
531,Gorden,Gillio,ggillioeq@shareasale.com,Male,51.34.63.186,Portugal,7/5/1996
532,Lynnea,Gerkens,lgerkenser@nbcnews.com,Female,113.139.63.97,Poland,7/3/1966
533,Clevie,Babbs,cbabbses@technorati.com,Male,112.13.92.145,Nigeria,11/14/1965
534,Alta,Jordeson,ajordesonet@clickbank.net,Female,199.43.136.21,Afghanistan,4/6/2021
535,Oby,Fanthom,ofanthomeu@last.fm,Male,33.208.121.14,Guatemala,5/19/1970
536,Odo,Sigars,osigarsev@ucla.edu,Male,156.167.175.218,Cyprus,7/26/1963
537,Ric,Amiranda,ramirandaew@opera.com,Male,41.148.88.242,Croatia,12/8/1966
538,Oates,Elder,oelderex@java.com,Male,168.63.142.3,Sweden,11/16/2003
539,Genna,Stych,gstychey@flickr.com,Female,124.227.199.68,China,8/29/2019
540,Ester,Cicerone,eciceroneez@mediafire.com,Female,198.135.253.23,South Africa,12/30/1965
541,Skylar,Shakle,sshaklef0@about.me,Male,5.172.146.194,Brazil,8/18/2010
542,Clint,Capeloff,ccapelofff1@google.cn,Male,103.147.224.226,Poland,10/22/1981
543,Brenn,Bemlott,bbemlottf2@nyu.edu,Female,75.43.182.175,Poland,2/8/2016
544,Melvyn,Hackly,mhacklyf3@gnu.org,Male,76.161.75.48,Portugal,2/2/2022
545,Maddie,Scrannage,mscrannagef4@blogger.com,Male,78.125.255.88,Colombia,1/26/2012
546,Gerry,Negro,gnegrof5@blog.com,Male,233.107.108.11,Indonesia,5/24/1965
547,Bili,Casely,bcaselyf6@illinois.edu,Female,155.18.22.177,China,9/25/2012
548,Hanny,Cleaves,hcleavesf7@nifty.com,Female,35.110.111.16,Netherlands,10/28/1966
549,Lorain,Wetheril,lwetherilf8@flickr.com,Female,189.243.72.109,Indonesia,7/22/1995
550,Annaliese,Klebes,aklebesf9@yandex.ru,Female,45.115.75.4,United States,3/24/1975
551,Yoshiko,Scanderet,yscanderetfa@freewebs.com,Female,37.113.69.86,China,8/30/1976
552,Tori,Ikin,tikinfb@geocities.jp,Female,237.246.161.212,China,8/12/1992
553,Saxon,Lutsch,slutschfc@liveinternet.ru,Male,6.209.157.8,Czech Republic,11/6/1999
554,Ford,Sickling,fsicklingfd@spiegel.de,Male,27.2.132.54,Pakistan,6/11/1969
555,Nerissa,Mathers,nmathersfe@shareasale.com,Female,174.209.56.23,Indonesia,12/29/2010
556,Loleta,Plaunch,lplaunchff@dedecms.com,Female,154.19.205.50,Indonesia,6/8/2006
557,Saxon,Plumridge,splumridgefg@devhub.com,Male,135.2.42.224,Philippines,10/16/1994
558,Erinna,Vaughton,evaughtonfh@yolasite.com,Female,30.128.251.177,Ethiopia,12/20/1980
559,Corbett,McQuillin,cmcquillinfi@phoca.cz,Male,42.187.239.37,Philippines,6/2/1960
560,Hansiain,Snaddin,hsnaddinfj@engadget.com,Male,129.227.130.147,China,5/7/1961
561,Traci,Gerlack,tgerlackfk@eepurl.com,Female,242.26.28.117,Czech Republic,8/19/1994
562,Packston,Mildmott,pmildmottfl@vkontakte.ru,Male,187.145.186.139,Mexico,9/28/1994
563,Gert,Addyman,gaddymanfm@whitehouse.gov,Female,140.21.100.114,Ukraine,10/8/1981
564,Monte,Vreede,mvreedefn@usnews.com,Male,149.20.101.231,Bahamas,4/14/1968
565,Kristopher,Arnolds,karnoldsfo@tuttocitta.it,Male,34.188.109.109,Portugal,3/18/1987
566,Luce,Northrop,lnorthropfp@oaic.gov.au,Agender,92.31.146.103,Indonesia,4/2/1992
567,Ari,Singers,asingersfq@globo.com,Male,238.231.159.108,Russia,12/15/2006
568,Emmet,De Zuani,edezuanifr@t.co,Male,73.170.3.181,Russia,4/26/1984
569,Welch,Grimsell,wgrimsellfs@salon.com,Male,192.245.2.110,Greece,3/26/2021
570,Darryl,Dowson,ddowsonft@ucsd.edu,Female,102.37.54.44,China,9/28/1985
571,Agustin,Fransoni,afransonifu@google.it,Male,105.128.34.46,Nigeria,11/10/2001
572,Anastasie,Cordeiro,acordeirofv@rediff.com,Female,33.189.86.11,Indonesia,8/26/2021
573,Dorris,Krale,dkralefw@feedburner.com,Female,126.174.91.147,Peru,7/23/1992
574,Maria,Dominy,mdominyfx@bloglovin.com,Female,217.76.146.239,Poland,11/21/1993
575,Del,Bromage,dbromagefy@ft.com,Female,8.191.243.236,Philippines,2/23/1989
576,Claire,Popescu,cpopescufz@meetup.com,Male,107.162.59.66,Indonesia,1/25/1979
577,Meryl,De La Salle,mdelasalleg0@ted.com,Female,193.145.171.130,Russia,1/14/1977
578,Mari,Braitling,mbraitlingg1@accuweather.com,Female,233.197.165.106,Indonesia,10/14/1983
579,Turner,Perrigo,tperrigog2@imageshack.us,Male,245.149.139.36,Afghanistan,7/4/1982
580,Sibylle,Capps,scappsg3@abc.net.au,Female,202.212.217.214,United States,10/25/1983
581,Mateo,Scrammage,mscrammageg4@woothemes.com,Male,0.171.69.51,Senegal,11/3/2007
582,Shena,Tender,stenderg5@discuz.net,Female,223.115.124.170,Poland,6/30/1969
583,Markos,Gallafant,mgallafantg6@deliciousdays.com,Male,221.137.93.99,Uzbekistan,8/16/1987
584,De witt,Holywell,dholywellg7@forbes.com,Male,47.70.151.218,Philippines,11/5/1967
585,Maurits,Urrey,murreyg8@nasa.gov,Male,153.190.238.100,Indonesia,12/6/2002
586,Pennie,Habron,phabrong9@skyrock.com,Bigender,132.0.3.73,Philippines,6/4/1973
587,Ricki,Laxtonne,rlaxtonnega@i2i.jp,Male,46.14.161.233,Russia,5/29/2013
588,Mill,Abele,mabelegb@seesaa.net,Male,88.200.11.185,Morocco,9/3/1962
589,Kristofor,Reiach,kreiachgc@squidoo.com,Non-binary,24.156.146.91,Canada,8/29/2012
590,Ian,Idel,iidelgd@rambler.ru,Male,67.207.118.84,Indonesia,10/22/1999
591,Hedda,Silby,hsilbyge@wikipedia.org,Female,165.245.135.68,Philippines,12/24/2011
592,Yasmin,Di Baudi,ydibaudigf@squidoo.com,Female,47.217.81.228,Czech Republic,5/8/1975
593,Otto,Dahlen,odahlengg@washington.edu,Male,159.132.235.68,Indonesia,2/20/2004
594,Suellen,Peaseman,speasemangh@lulu.com,Female,144.59.194.129,Poland,9/22/2011
595,Dorisa,Machon,dmachongi@tuttocitta.it,Female,208.192.205.39,China,7/21/2015
596,Petr,Picton,ppictongj@opera.com,Agender,160.63.186.11,Philippines,8/20/1996
597,Krista,Crowter,kcrowtergk@va.gov,Female,181.94.231.42,Sweden,1/2/1970
598,Xena,De Giorgi,xdegiorgigl@shinystat.com,Female,180.220.96.219,Philippines,7/30/2001
599,Dag,Spurden,dspurdengm@godaddy.com,Male,181.186.68.79,Australia,12/3/1999
600,Ivory,Keeping,ikeepinggn@un.org,Female,192.81.162.136,Cameroon,11/23/1989
601,Theobald,Bissiker,tbissikergo@ocn.ne.jp,Bigender,215.255.171.240,Ukraine,9/6/1975
602,Selina,Hawson,shawsongp@virginia.edu,Female,40.8.109.233,China,2/25/2017
603,Nessa,Rippon,nrippongq@twitter.com,Bigender,54.200.106.60,China,2/21/1970
604,Sholom,Corryer,scorryergr@baidu.com,Male,206.129.85.81,Sweden,10/30/2019
605,Prudy,Yacobsohn,pyacobsohngs@archive.org,Polygender,195.70.153.84,Mexico,7/11/1972
606,Linoel,Paddingdon,lpaddingdongt@gizmodo.com,Male,84.105.182.206,Indonesia,6/15/2012
607,Virgie,Badland,vbadlandgu@rediff.com,Male,168.9.177.53,Greece,5/3/2014
608,Neala,Kirkwood,nkirkwoodgv@opensource.org,Female,245.228.237.218,Norway,12/6/1979
609,Joanie,Mintoff,jmintoffgw@scientificamerican.com,Bigender,50.122.152.26,Czech Republic,3/2/1995
610,Lemuel,Wathen,lwathengx@phpbb.com,Male,58.37.30.51,France,7/6/1998
611,Denney,Kenworthy,dkenworthygy@foxnews.com,Male,79.165.89.49,China,3/23/1988
612,Meris,McMenemy,mmcmenemygz@blogtalkradio.com,Agender,88.165.214.112,Jordan,11/28/1963
613,Yale,Britch,ybritchh0@ed.gov,Male,131.193.220.177,Mongolia,9/28/2017
614,Jaclin,Gorini,jgorinih1@comcast.net,Female,208.38.64.234,Panama,12/22/1969
615,Camala,Darcy,cdarcyh2@github.com,Female,243.178.4.58,Poland,4/6/1977
616,Layla,Drowsfield,ldrowsfieldh3@vkontakte.ru,Female,146.18.88.57,Russia,1/11/2021
617,Hi,Togher,htogherh4@deviantart.com,Male,41.66.32.123,Philippines,3/11/1969
618,Cathee,Wingate,cwingateh5@wordpress.org,Female,246.106.152.171,France,6/21/1976
619,Mikol,Dzeniskevich,mdzeniskevichh6@tuttocitta.it,Male,115.56.58.255,Slovenia,8/19/1981
620,Justine,Dallyn,jdallynh7@microsoft.com,Female,95.7.96.134,Greece,8/11/2017
621,Paolina,Hiley,phileyh8@sciencedirect.com,Female,61.113.174.152,Ukraine,12/21/1967
622,Andra,Thorius,athoriush9@deviantart.com,Female,179.157.181.220,Norway,6/21/1974
623,Siffre,Penson,spensonha@free.fr,Male,218.111.78.161,United States,3/9/1977
624,Shurwood,Conaghan,sconaghanhb@usgs.gov,Male,51.172.123.153,Russia,11/23/1966
625,Fabio,Rome,fromehc@vinaora.com,Male,80.192.52.191,Russia,7/5/2006
626,Ase,Mapstone,amapstonehd@sakura.ne.jp,Genderfluid,124.184.32.184,Poland,4/24/2014
627,Kimble,Fortesquieu,kfortesquieuhe@flickr.com,Agender,215.59.16.153,Syria,11/25/1981
628,Kaye,Longfellow,klongfellowhf@addthis.com,Female,130.114.242.105,Indonesia,7/27/1987
629,Kordula,Suermeier,ksuermeierhg@ox.ac.uk,Female,23.4.111.50,Macedonia,7/30/1999
630,Margalo,Champe,mchampehh@indiegogo.com,Female,0.103.11.95,Brazil,2/5/2004
631,Izak,Stroobant,istroobanthi@craigslist.org,Male,135.254.16.165,Colombia,10/21/1964
632,Eleen,Roja,erojahj@smh.com.au,Female,240.149.141.53,Philippines,3/17/2019
633,Dorine,Bloxam,dbloxamhk@purevolume.com,Female,148.158.147.114,Portugal,8/25/2019
634,Concordia,Caberas,ccaberashl@cdbaby.com,Female,154.138.15.44,Brazil,9/18/2005
635,Mallory,Ferminger,mfermingerhm@prweb.com,Male,164.67.80.22,Czech Republic,9/7/1979
636,Heda,Cuzen,hcuzenhn@weebly.com,Female,52.76.199.30,Philippines,6/14/1965
637,Candice,Rookledge,crookledgeho@skype.com,Female,182.133.155.249,Portugal,3/19/1971
638,Dana,Caspell,dcaspellhp@economist.com,Male,49.119.109.84,Philippines,12/11/1967
639,Llewellyn,Wiggins,lwigginshq@weebly.com,Male,174.82.14.47,Indonesia,1/18/1987
640,Ermina,Undy,eundyhr@phoca.cz,Female,26.212.72.185,Moldova,4/25/2006
641,Tallie,Bradburn,tbradburnhs@uiuc.edu,Female,185.157.42.151,Peru,12/23/1966
642,Jeffie,McKinty,jmckintyht@example.com,Male,41.43.48.50,Brazil,4/28/1968
643,Tracy,Cargon,tcargonhu@mediafire.com,Male,220.131.70.68,Philippines,8/12/1965
644,Salvatore,Chiene,schienehv@ox.ac.uk,Male,150.71.31.170,Tanzania,2/5/1971
645,Renie,Duiged,rduigedhw@alibaba.com,Female,33.192.174.50,Azerbaijan,4/22/1975
646,Belia,Gripton,bgriptonhx@weather.com,Female,246.95.190.122,China,7/20/1989
647,Querida,Richardes,qrichardeshy@over-blog.com,Female,66.174.221.14,Russia,1/3/1999
648,Sallee,Norcutt,snorcutthz@sbwire.com,Female,252.48.180.90,Sweden,7/5/1988
649,Wendell,Todhunter,wtodhunteri0@biblegateway.com,Male,36.49.161.95,Mexico,8/9/1986
650,Pia,Maasz,pmaaszi1@i2i.jp,Female,122.235.118.217,Poland,4/25/1986
651,Romona,Ritmeier,rritmeieri2@alibaba.com,Female,194.102.119.210,China,6/13/2004
652,Kare,Gittis,kgittisi3@baidu.com,Female,207.78.221.23,Russia,11/25/2020
653,Phyllis,Van der Daal,pvanderdaali4@hc360.com,Female,196.7.63.143,Czech Republic,5/29/2016
654,Kinsley,Jeanequin,kjeanequini5@discovery.com,Male,72.173.40.177,Portugal,10/20/2008
655,Magdalena,Moyer,mmoyeri6@webnode.com,Female,38.20.26.172,China,9/18/2014
656,Verine,Prandin,vprandini7@buzzfeed.com,Female,91.37.155.240,China,1/22/1969
657,Lainey,Priestnall,lpriestnalli8@facebook.com,Female,86.41.134.51,Colombia,9/4/2015
658,Gil,Classen,gclasseni9@wired.com,Male,99.227.80.225,Niger,4/21/1973
659,Thaine,Logesdale,tlogesdaleia@surveymonkey.com,Male,44.169.236.213,Greece,5/19/1995
660,Corny,Fealty,cfealtyib@usgs.gov,Male,250.155.238.178,Brazil,3/1/1975
661,Loutitia,Leicester,lleicesteric@nbcnews.com,Female,223.55.189.5,Honduras,4/10/1981
662,Ab,Kitchingman,akitchingmanid@blog.com,Male,126.129.176.216,Indonesia,12/17/1999
663,Lorain,McCarthy,lmccarthyie@state.gov,Female,173.192.8.154,Indonesia,11/5/2014
664,Siusan,Portinari,sportinariif@gravatar.com,Female,151.80.37.186,France,1/14/1999
665,Chen,Harrod,charrodig@netvibes.com,Male,226.54.174.205,Afghanistan,8/29/2006
666,Danni,Vizor,dvizorih@prnewswire.com,Female,13.14.73.248,France,6/18/1993
667,Leonie,Hearle,lhearleii@geocities.jp,Female,67.39.209.103,China,1/16/1984
668,Farrel,Hamal,fhamalij@nifty.com,Male,208.55.26.229,Sweden,5/24/2018
669,Callie,Peotz,cpeotzik@gov.uk,Female,198.48.68.161,Indonesia,12/19/1997
670,Stevena,Bradden,sbraddenil@wordpress.org,Female,103.130.113.31,China,8/28/1964
671,Ellie,Kelinge,ekelingeim@blog.com,Female,199.76.139.195,Denmark,9/2/2000
672,Carol-jean,Amery,cameryin@arizona.edu,Female,76.54.11.63,China,8/8/1965
673,Egor,Dunphie,edunphieio@hud.gov,Genderqueer,109.40.209.85,South Africa,8/17/2018
674,Lucina,Robjant,lrobjantip@irs.gov,Female,67.168.225.133,Nigeria,1/2/2007
675,Deedee,Kibbee,dkibbeeiq@comsenz.com,Female,87.72.66.85,Indonesia,10/12/1981
676,Salli,Redemile,sredemileir@gizmodo.com,Female,114.255.140.34,Czech Republic,12/21/1977
677,Jeremie,Robinett,jrobinettis@xing.com,Male,137.123.86.245,China,11/15/2018
678,Stanislaw,Cisec,scisecit@bigcartel.com,Male,205.49.153.246,Philippines,4/20/1977
679,Drusi,Olsson,dolssoniu@nymag.com,Female,33.219.165.114,Croatia,10/7/1961
680,Marget,Grzelak,mgrzelakiv@whitehouse.gov,Female,37.126.146.12,Indonesia,11/22/1978
681,Simone,Minget,smingetiw@typepad.com,Female,222.241.70.229,China,6/4/2018
682,Robbert,Kerwick,rkerwickix@newsvine.com,Male,80.138.59.201,Azerbaijan,10/27/1974
683,Cordelie,Van Dijk,cvandijkiy@nydailynews.com,Female,204.10.80.52,Czech Republic,3/23/1961
684,Shara,Brinkley,sbrinkleyiz@furl.net,Female,135.240.201.206,Indonesia,12/15/1975
685,Alfred,Parfett,aparfettj0@joomla.org,Male,161.197.169.48,China,6/20/1988
686,Ulrich,Mathivat,umathivatj1@github.com,Male,17.84.216.69,Botswana,7/8/1961
687,Filip,Britian,fbritianj2@cnn.com,Male,53.25.101.12,Colombia,11/30/1967
688,Katherine,Kierans,kkieransj3@bing.com,Female,104.43.111.82,Indonesia,8/13/2010
689,Darrelle,Went,dwentj4@w3.org,Female,35.155.29.136,Russia,12/4/1986
690,Letty,Retallick,lretallickj5@cargocollective.com,Female,129.198.201.35,Bahrain,2/24/2009
691,Cordie,Monger,cmongerj6@phpbb.com,Female,184.190.79.58,Indonesia,1/25/2016
692,Gonzalo,Perrigo,gperrigoj7@upenn.edu,Male,184.226.160.55,South Africa,5/2/2016
693,Simone,Isted,sistedj8@prlog.org,Male,246.148.139.4,China,9/28/1982
694,Kingsly,Furphy,kfurphyj9@gov.uk,Male,200.236.167.20,Japan,1/8/2012
695,Ann-marie,Livick,alivickja@unblog.fr,Female,92.160.110.90,Russia,12/11/1999
696,Ewen,Benko,ebenkojb@skype.com,Non-binary,112.240.69.97,France,2/4/1962
697,Dill,Kubach,dkubachjc@columbia.edu,Male,251.193.253.35,Ukraine,8/1/2009
698,Elita,De Beauchamp,edebeauchampjd@answers.com,Female,184.38.194.65,Indonesia,7/27/1979
699,Dallas,Jaulmes,djaulmesje@flickr.com,Genderfluid,38.87.114.157,France,5/13/2008
700,Nataniel,Brower,nbrowerjf@pcworld.com,Male,20.35.152.110,China,3/17/2022
701,Hillard,Seymour,hseymourjg@smugmug.com,Male,31.8.24.214,United States,8/10/1975
702,Had,Mendonca,hmendoncajh@vinaora.com,Male,149.45.254.137,Ethiopia,12/31/1973
703,Joyce,Rewan,jrewanji@ifeng.com,Female,28.120.79.209,Mexico,2/4/2019
704,Sheila-kathryn,Gossan,sgossanjj@oaic.gov.au,Female,105.40.204.146,Poland,10/17/2013
705,Benedict,Stronach,bstronachjk@imdb.com,Male,107.208.192.196,China,9/8/2003
706,Marline,Jelks,mjelksjl@hc360.com,Bigender,27.237.181.99,France,1/12/1962
707,Clari,Howison,chowisonjm@nba.com,Female,20.132.186.4,France,7/20/2009
708,Laurie,Braidwood,lbraidwoodjn@whitehouse.gov,Male,54.87.211.155,Russia,7/29/1961
709,Lari,Senyard,lsenyardjo@ucoz.com,Female,39.232.18.212,Canada,10/1/1982
710,Cchaddie,Fance,cfancejp@a8.net,Male,33.243.3.237,Senegal,11/15/2019
711,Torey,Ashbe,tashbejq@stumbleupon.com,Male,20.18.146.36,Portugal,11/11/1969
712,Coral,MacNelly,cmacnellyjr@csmonitor.com,Female,88.246.28.190,Kuwait,7/25/1968
713,Ruggiero,Castelli,rcastellijs@nih.gov,Male,3.50.170.146,Russia,1/13/1965
714,Ana,Posselt,aposseltjt@etsy.com,Female,160.48.242.103,China,11/22/1996
715,Alwyn,O'Flaverty,aoflavertyju@4shared.com,Male,211.176.169.183,Philippines,11/12/2017
716,Odell,Besantie,obesantiejv@samsung.com,Male,108.192.31.150,Russia,1/8/1974
717,Cherilynn,Eskrigg,ceskriggjw@aol.com,Female,113.106.3.77,Poland,6/28/1992
718,Kalina,Kensley,kkensleyjx@amazonaws.com,Female,58.209.64.224,China,8/23/1990
719,Deloris,Bywaters,dbywatersjy@xinhuanet.com,Genderfluid,43.199.30.148,Indonesia,4/17/1972
720,Nadean,Timewell,ntimewelljz@bbc.co.uk,Female,193.218.250.217,China,9/21/1989
721,Ashla,Verrechia,averrechiak0@reference.com,Female,211.219.48.123,Nicaragua,12/31/1994
722,Betsey,Smythin,bsmythink1@over-blog.com,Female,122.91.141.161,Russia,8/23/1993
723,Nesta,Prettyjohns,nprettyjohnsk2@youtube.com,Female,97.233.69.208,China,5/20/1964
724,Ainsley,Parrish,aparrishk3@eventbrite.com,Female,64.138.44.216,Russia,5/18/1979
725,Bentlee,Runsey,brunseyk4@oakley.com,Male,88.187.143.18,Azerbaijan,1/30/2015
726,Diandra,Hoffman,dhoffmank5@tamu.edu,Female,140.153.34.11,Czech Republic,8/3/2013
727,Immanuel,Meers,imeersk6@angelfire.com,Male,43.93.16.223,China,4/27/1994
728,Oren,Tinsley,otinsleyk7@simplemachines.org,Male,181.162.35.28,Sweden,6/15/1978
729,Carroll,Crutch,ccrutchk8@homestead.com,Male,234.172.127.233,China,4/24/2011
730,Laurel,Barosch,lbaroschk9@hc360.com,Female,31.209.248.71,Mongolia,6/26/2007
731,Cazzie,Bollin,cbollinka@bloglovin.com,Male,31.47.100.211,Indonesia,8/24/1969
732,Wilfred,Danilyuk,wdanilyukkb@dion.ne.jp,Male,135.199.196.64,Mexico,7/4/2004
733,Alastair,Tunnicliffe,atunnicliffekc@fema.gov,Genderqueer,2.42.233.22,Brazil,9/11/1982
734,Ly,Goldthorpe,lgoldthorpekd@weather.com,Male,169.157.134.61,Aland Islands,5/24/1966
735,Frederic,Graves,fgraveske@toplist.cz,Male,179.124.147.89,China,2/10/2002
736,Stavro,Lindsay,slindsaykf@goo.ne.jp,Male,254.215.137.120,Bosnia and Herzegovina,3/1/2004
737,Regina,Keightley,rkeightleykg@rediff.com,Genderfluid,61.240.83.210,China,11/6/1990
738,Korrie,Vigus,kviguskh@blinklist.com,Female,164.231.185.60,Portugal,12/2/2006
739,Sharon,Thoumas,sthoumaski@chicagotribune.com,Female,103.196.172.91,China,3/24/1974
740,Inness,Marling,imarlingkj@fotki.com,Male,53.243.51.38,Argentina,8/25/1989
741,Buckie,Johnys,bjohnyskk@moonfruit.com,Male,205.27.87.77,China,7/20/1962
742,Talbot,Treadgall,ttreadgallkl@chron.com,Male,12.208.68.16,Russia,11/13/1976
743,Caron,Lawling,clawlingkm@ow.ly,Female,30.85.27.22,Brazil,1/15/1993
744,Chuck,Akaster,cakasterkn@state.tx.us,Male,147.216.204.123,Poland,10/11/2009
745,Gregoire,Stanyard,gstanyardko@furl.net,Male,196.19.94.168,Poland,11/6/1993
746,Fionnula,Lammenga,flammengakp@51.la,Female,46.57.13.203,Thailand,9/1/1960
747,Kaitlynn,Scoyne,kscoynekq@vistaprint.com,Female,101.241.64.163,Colombia,3/8/1967
748,Mariel,Terran,mterrankr@about.com,Female,48.30.15.96,Syria,9/22/2003
749,Matti,Coultard,mcoultardks@hostgator.com,Female,83.229.175.31,Belarus,12/2/2014
750,Palmer,Pedersen,ppedersenkt@posterous.com,Male,153.50.58.147,Poland,12/18/1975
751,Roddie,Spaldin,rspaldinku@squarespace.com,Male,127.235.76.150,Indonesia,5/26/2006
752,Dal,MacTurlough,dmacturloughkv@admin.ch,Male,186.219.36.1,China,9/9/2013
753,Lenard,Smithe,lsmithekw@mediafire.com,Male,210.102.189.69,Philippines,11/19/1985
754,Marijn,Duggen,mduggenkx@webmd.com,Male,8.238.168.50,Canada,12/15/1965
755,Belinda,Gaffer,bgafferky@a8.net,Female,70.215.28.170,Czech Republic,4/12/1980
756,Gasper,Hartless,ghartlesskz@who.int,Male,178.183.15.253,Colombia,9/1/2007
757,Rodd,Froment,rfromentl0@bbb.org,Male,204.28.222.107,China,12/13/1961
758,Carlotta,Outridge,coutridgel1@g.co,Female,205.24.183.139,Morocco,10/2/2019
759,Arlyne,Lemmens,alemmensl2@cocolog-nifty.com,Female,207.225.7.87,Czech Republic,8/1/1977
760,Celie,Sibley,csibleyl3@yandex.ru,Female,21.251.116.30,Portugal,11/28/2012
761,Bentley,Holleworth,bholleworthl4@reuters.com,Polygender,242.5.104.73,Japan,3/13/1983
762,Koo,Trotton,ktrottonl5@reddit.com,Non-binary,212.109.202.5,Indonesia,1/27/1985
763,Vina,Kimble,vkimblel6@google.com.au,Female,223.153.95.111,Colombia,3/19/2019
764,Tasha,Darte,tdartel7@indiegogo.com,Female,30.103.3.15,Ukraine,4/24/1972
765,Monique,Rosengart,mrosengartl8@wired.com,Female,121.40.96.208,Norway,3/15/1987
766,Ervin,Belchamp,ebelchampl9@zdnet.com,Male,255.56.181.255,Slovenia,5/30/1992
767,Marylinda,Delgado,mdelgadola@ca.gov,Female,4.185.236.216,China,7/20/2009
768,Crosby,Losty,clostylb@wisc.edu,Male,198.183.223.192,Mongolia,2/9/2008
769,Lionello,Sopper,lsopperlc@de.vu,Male,209.209.82.171,Ukraine,9/23/2013
770,Brigg,Tumayan,btumayanld@squidoo.com,Male,90.151.99.100,Indonesia,2/16/2008
771,Benito,Canadas,bcanadasle@jugem.jp,Male,25.8.225.181,China,3/17/1984
772,Aila,Liccardi,aliccardilf@macromedia.com,Female,188.73.92.232,Dominican Republic,8/29/1980
773,Christophorus,Callingham,ccallinghamlg@merriam-webster.com,Male,224.94.93.146,Peru,12/26/1989
774,Denys,Blazeby,dblazebylh@theatlantic.com,Female,199.84.79.238,China,8/24/1987
775,Orion,Arnaudon,oarnaudonli@ocn.ne.jp,Male,248.60.210.78,China,2/12/1998
776,Wanda,Raynton,wrayntonlj@apple.com,Female,138.15.79.204,Ukraine,1/12/2014
777,Hedwig,Grove,hgrovelk@github.io,Female,211.120.132.220,China,10/7/1997
778,Cora,Di Domenico,cdidomenicoll@cnet.com,Female,250.242.93.82,Colombia,1/9/2019
779,Herman,Grutchfield,hgrutchfieldlm@unesco.org,Male,28.64.171.178,France,1/16/2008
780,Madel,Gioani,mgioaniln@naver.com,Female,87.232.231.63,China,9/23/1997
781,Humfrey,Magenny,hmagennylo@smugmug.com,Male,171.234.14.139,Czech Republic,8/16/1996
782,Dominick,Gulston,dgulstonlp@bloglovin.com,Male,106.234.71.173,Japan,8/3/1997
783,Jobey,cornhill,jcornhilllq@psu.edu,Female,34.55.166.178,Portugal,3/2/1982
784,Carleen,Tedridge,ctedridgelr@etsy.com,Female,233.124.85.33,Indonesia,3/11/1968
785,Siegfried,Derisley,sderisleyls@virginia.edu,Male,77.83.183.61,Botswana,12/26/1987
786,Freddie,Celiz,fcelizlt@buzzfeed.com,Female,2.35.208.158,Indonesia,6/13/1965
787,Lenette,Breche,lbrechelu@slideshare.net,Female,11.129.248.166,Philippines,5/4/2015
788,Margette,Benettini,mbenettinilv@reverbnation.com,Female,200.245.68.59,Portugal,8/19/1973
789,Milo,Connold,mconnoldlw@hud.gov,Male,67.102.199.221,Indonesia,4/25/1978
790,Nadiya,Presdie,npresdielx@youku.com,Female,146.175.124.223,Sweden,11/25/1980
791,Cordie,Chaffyn,cchaffynly@flickr.com,Male,88.117.4.47,Peru,3/20/2013
792,Laird,Bedin,lbedinlz@angelfire.com,Male,236.202.167.122,Macedonia,4/14/2006
793,Ned,Kirvell,nkirvellm0@about.com,Male,93.24.135.198,Hungary,9/6/1967
794,Midge,Benbrick,mbenbrickm1@nyu.edu,Female,89.122.91.225,Indonesia,8/28/1991
795,Meghan,Tretter,mtretterm2@uiuc.edu,Female,153.79.220.230,Philippines,6/30/2008
796,Virgina,Roostan,vroostanm3@creativecommons.org,Female,76.75.209.253,China,6/7/1985
797,Duke,Dunton,dduntonm4@cargocollective.com,Male,247.223.178.19,China,11/22/2021
798,Valma,Tilzey,vtilzeym5@123-reg.co.uk,Female,16.155.202.139,Panama,10/5/1994
799,Whitney,Maffi,wmaffim6@so-net.ne.jp,Female,175.160.119.24,Peru,8/22/1983
800,Jeanne,Levane,jlevanem7@github.com,Female,40.188.175.65,Ukraine,12/15/1982
801,Avigdor,Kosel,akoselm8@blog.com,Male,178.159.202.175,Cuba,1/22/1975
802,Marney,Baldoni,mbaldonim9@google.com.au,Agender,33.182.120.107,Japan,9/23/1995
803,Halsey,Sergent,hsergentma@cornell.edu,Male,3.100.4.84,Canada,10/15/1985
804,Beaufort,Bilverstone,bbilverstonemb@army.mil,Male,218.140.241.98,China,11/30/1961
805,Aguste,Barts,abartsmc@qq.com,Agender,174.75.84.237,Indonesia,11/8/1967
806,Edin,Popping,epoppingmd@fema.gov,Female,88.130.105.15,Venezuela,1/22/1976
807,Duky,Kees,dkeesme@w3.org,Male,118.242.144.40,Ukraine,1/13/2008
808,Noni,Enderby,nenderbymf@biglobe.ne.jp,Female,175.83.115.10,Russia,9/5/1996
809,Nellie,Sandbatch,nsandbatchmg@dot.gov,Female,15.50.93.73,Norway,12/22/2010
810,Miran,Livingston,mlivingstonmh@ft.com,Female,67.65.31.162,Colombia,2/25/2005
811,Case,Asple,casplemi@prnewswire.com,Male,16.88.53.2,Argentina,5/24/1977
812,Rani,Caseborne,rcasebornemj@reverbnation.com,Female,180.3.91.3,Ecuador,6/28/1991
813,Marcus,Matous,mmatousmk@telegraph.co.uk,Male,141.1.62.80,Poland,4/11/1977
814,Dorie,Jelks,djelksml@spotify.com,Agender,67.109.39.226,Colombia,2/8/2021
815,Michelina,Riccelli,mriccellimm@so-net.ne.jp,Female,202.66.143.239,Poland,9/24/2010
816,Nev,Kornyakov,nkornyakovmn@nbcnews.com,Male,101.73.176.74,Japan,8/27/1983
817,Laurie,Dunbabin,ldunbabinmo@scientificamerican.com,Male,188.29.117.191,Poland,12/23/2014
818,Aggie,Matashkin,amatashkinmp@umn.edu,Female,219.248.141.231,Indonesia,5/22/2000
819,Sven,Hardy-Piggin,shardypigginmq@skype.com,Male,182.216.198.90,China,3/26/1963
820,Laughton,Greggs,lgreggsmr@mysql.com,Male,167.29.92.17,Philippines,12/12/1972
821,Lynn,Leaning,lleaningms@blogtalkradio.com,Female,94.166.149.34,Indonesia,2/27/2010
822,Jamaal,Rarity,jraritymt@weibo.com,Male,40.60.203.223,Philippines,2/2/1967
823,Joshua,Tolotti,jtolottimu@illinois.edu,Male,112.163.225.99,China,6/21/1962
824,Codie,Perigoe,cperigoemv@nymag.com,Male,83.31.187.220,Dominican Republic,4/6/1995
825,Bertrand,Haensel,bhaenselmw@google.com.br,Male,217.151.104.23,China,5/5/1975
826,Romona,Cumpsty,rcumpstymx@ocn.ne.jp,Female,107.91.37.217,United States,12/12/1964
827,Esther,Wassung,ewassungmy@surveymonkey.com,Female,51.27.91.102,Tunisia,7/31/1975
828,Carter,I'anson,ciansonmz@paypal.com,Male,92.6.151.121,China,10/22/2016
829,Andy,Hulmes,ahulmesn0@tripod.com,Female,148.87.47.14,Greece,9/3/2012
830,Mathew,Burnyate,mburnyaten1@ebay.co.uk,Male,128.208.5.134,Cuba,12/13/1968
831,Mignon,Vankin,mvankinn2@merriam-webster.com,Female,54.46.115.39,South Korea,7/29/1987
832,Sioux,Nobles,snoblesn3@about.com,Female,13.41.84.64,France,4/13/2000
833,Patrizio,Farrin,pfarrinn4@ucoz.ru,Male,148.56.251.32,Philippines,12/10/1970
834,Thadeus,O'Shevlin,toshevlinn5@cnn.com,Male,155.123.121.184,Indonesia,9/25/1997
835,Drud,Palatino,dpalatinon6@topsy.com,Male,82.182.39.47,China,9/15/1962
836,Janith,Allatt,jallattn7@odnoklassniki.ru,Non-binary,115.146.236.34,Togo,2/17/1979
837,Lyon,Hedger,lhedgern8@msn.com,Male,86.51.111.231,Mongolia,5/4/2019
838,Kin,Sindle,ksindlen9@intel.com,Polygender,184.65.31.74,Indonesia,7/18/1961
839,Arel,Piercey,apierceyna@princeton.edu,Male,122.200.242.40,Bosnia and Herzegovina,3/19/2005
840,Odie,Gonsalvez,ogonsalveznb@hao123.com,Male,210.242.118.243,Czech Republic,12/15/1981
841,Conny,Loy,cloync@nationalgeographic.com,Male,133.146.146.6,Faroe Islands,9/15/2019
842,Gearard,Dumelow,gdumelownd@tmall.com,Agender,206.56.141.109,Germany,6/29/2019
843,Ulises,McGrae,umcgraene@home.pl,Genderfluid,249.68.151.239,Czech Republic,5/4/1964
844,Eolande,Gress,egressnf@vk.com,Female,116.82.236.249,China,4/24/2005
845,Dorian,Castagne,dcastagneng@reference.com,Male,117.154.134.89,Poland,6/3/2007
846,Sly,Paske,spaskenh@weebly.com,Male,135.167.52.75,Brazil,6/20/1974
847,Almira,Denman,adenmanni@rambler.ru,Female,203.76.30.72,Bangladesh,4/3/1979
848,Bianca,Gornall,bgornallnj@sun.com,Female,179.127.230.255,Ukraine,11/7/2017
849,Isidoro,Coopey,icoopeynk@reuters.com,Male,94.155.204.187,Philippines,10/31/2001
850,Blinni,Kerman,bkermannl@google.com.hk,Female,242.209.69.149,Albania,5/30/1985
851,Sutherlan,Mottershead,smottersheadnm@infoseek.co.jp,Male,165.251.74.100,Sweden,3/7/1999
852,Carmita,Neil,cneilnn@yellowbook.com,Female,235.215.70.248,Iran,2/14/2002
853,Peria,Laurenson,plaurensonno@harvard.edu,Female,174.103.86.192,Finland,12/27/1961
854,Sol,Caffin,scaffinnp@admin.ch,Male,231.138.182.81,China,3/28/1969
855,Natalee,Houltham,nhoulthamnq@tinyurl.com,Female,223.174.4.194,Portugal,3/26/1974
856,Willi,Legges,wleggesnr@sitemeter.com,Male,6.163.34.243,Indonesia,11/21/1978
857,Emelia,Grzelczyk,egrzelczykns@prnewswire.com,Female,126.21.194.180,Mexico,6/28/1978
858,Jenica,Garralts,jgarraltsnt@virginia.edu,Female,24.30.127.160,Indonesia,3/11/1972
859,Gui,Biford,gbifordnu@hc360.com,Female,229.207.86.45,Kazakhstan,7/20/1989
860,Damian,Le Maitre,dlemaitrenv@economist.com,Male,170.64.97.91,China,6/21/1988
861,Yorker,Grumley,ygrumleynw@house.gov,Polygender,182.216.141.98,Sweden,7/28/1964
862,Daffie,Munt,dmuntnx@imageshack.us,Female,54.44.30.223,Vietnam,5/29/1996
863,Otes,Pennycook,opennycookny@usda.gov,Male,93.225.59.113,Russia,4/28/1985
864,Kennith,Philcott,kphilcottnz@infoseek.co.jp,Male,204.127.174.103,Poland,6/16/1992
865,Corby,Spalding,cspaldingo0@exblog.jp,Male,251.204.111.49,Thailand,11/24/2021
866,Carmella,Hutchens,chutchenso1@cdc.gov,Female,23.186.194.57,San Marino,10/2/2018
867,Lonnard,Hindshaw,lhindshawo2@abc.net.au,Male,128.195.28.235,Mexico,3/25/2014
868,Mace,Jedrasik,mjedrasiko3@scribd.com,Male,174.201.124.46,Russia,2/10/1966
869,Lelah,Postill,lpostillo4@java.com,Polygender,66.28.171.153,China,9/29/1967
870,Shena,Penketh,spenketho5@wired.com,Female,239.250.217.76,Gambia,12/8/2014
871,Malena,Roadknight,mroadknighto6@cmu.edu,Female,29.114.144.225,Russia,3/15/2022
872,Andreas,Meaney,ameaneyo7@springer.com,Male,248.251.95.43,France,10/16/1996
873,Cori,Priestland,cpriestlando8@oracle.com,Male,168.188.207.173,Kazakhstan,3/21/1974
874,Lalo,Murcott,lmurcotto9@t-online.de,Male,209.16.74.66,Bosnia and Herzegovina,9/28/2010
875,Leoine,Percifull,lpercifulloa@google.de,Female,178.198.79.125,Cuba,8/9/1994
876,Charline,Dollard,cdollardob@scribd.com,Female,149.163.92.223,China,11/28/1973
877,Anastassia,Beeze,abeezeoc@issuu.com,Female,138.154.88.74,Russia,7/11/1986
878,Jarred,Irons,jironsod@hexun.com,Male,198.107.156.83,China,7/2/2020
879,Jess,Blowin,jblowinoe@aboutads.info,Female,148.147.147.99,China,3/7/2022
880,Laurel,Francino,lfrancinoof@twitter.com,Female,254.119.30.106,Kazakhstan,3/18/2022
881,Nina,Safe,nsafeog@spiegel.de,Female,85.135.94.25,Moldova,7/13/1994
882,Germaine,Woolgar,gwoolgaroh@bbc.co.uk,Female,4.129.212.65,China,7/3/2005
883,Elston,Fealy,efealyoi@ca.gov,Male,177.173.150.239,Bangladesh,8/8/1977
884,Wheeler,Mitchelhill,wmitchelhilloj@ning.com,Male,222.42.68.208,China,2/25/2002
885,Paulie,Wreak,pwreakok@un.org,Female,99.229.213.48,Czech Republic,11/25/2004
886,Wake,Partleton,wpartletonol@typepad.com,Male,53.204.102.11,Yemen,6/11/1998
887,Carter,Ballaam,cballaamom@walmart.com,Male,165.62.178.178,Italy,7/3/1988
888,Missy,Berrisford,mberrisfordon@facebook.com,Female,247.237.207.154,Indonesia,4/28/2022
889,Neall,Haulkham,nhaulkhamoo@mozilla.org,Male,0.121.244.190,Sweden,9/24/1989
890,Alf,Sprowle,asprowleop@phpbb.com,Male,218.82.139.83,Peru,8/2/1993
891,Doloritas,Laurentin,dlaurentinoq@arstechnica.com,Female,125.232.31.216,Mexico,3/29/1982
892,Wash,Metterick,wmetterickor@cnn.com,Male,121.179.230.203,Honduras,6/4/2018
893,Rey,Itzkowicz,ritzkowiczos@ft.com,Male,97.248.99.194,Poland,9/7/1991
894,Moses,D'Oyly,mdoylyot@istockphoto.com,Male,166.57.33.198,China,12/21/2007
895,Alexine,Carmichael,acarmichaelou@imageshack.us,Agender,10.214.32.82,France,8/9/1983
896,Niven,Gilkes,ngilkesov@cam.ac.uk,Male,48.89.150.37,Kazakhstan,3/20/1966
897,Sybilla,Loosely,slooselyow@list-manage.com,Female,173.245.193.243,Poland,4/19/1991
898,Antonius,Penvarden,apenvardenox@amazon.co.jp,Male,22.229.49.53,Philippines,9/20/1980
899,Bernelle,Axelby,baxelbyoy@about.me,Female,202.99.38.152,Thailand,11/29/2001
900,Dennison,Dondon,ddondonoz@economist.com,Male,222.251.221.237,China,8/31/1964
901,Kristy,Guilford,kguilfordp0@weebly.com,Female,227.78.165.8,Indonesia,5/24/1971
902,Sandye,Bottrell,sbottrellp1@gizmodo.com,Female,42.76.12.64,Portugal,3/20/2010
903,Clive,Chape,cchapep2@yandex.ru,Male,103.213.139.8,Finland,9/8/2021
904,Rupert,MacGraith,rmacgraithp3@oaic.gov.au,Male,222.254.252.99,Thailand,6/20/1977
905,Valencia,Fowgies,vfowgiesp4@amazon.com,Female,171.22.247.130,Thailand,9/13/1988
906,Ingemar,Laying,ilayingp5@opensource.org,Polygender,149.72.167.96,Brazil,12/3/1985
907,Mildred,Hambidge,mhambidgep6@answers.com,Female,186.116.112.249,France,6/6/1965
908,Leisha,Clemenzo,lclemenzop7@arstechnica.com,Female,197.167.169.93,Bangladesh,8/27/1974
909,Abel,Van Dale,avandalep8@tripadvisor.com,Male,173.85.62.214,Yemen,2/20/2010
910,Scotti,Cantero,scanterop9@chronoengine.com,Male,79.61.225.207,China,1/16/1969
911,Danielle,Guerro,dguerropa@cbc.ca,Female,57.223.165.10,Portugal,12/22/2003
912,Euell,Gristwood,egristwoodpb@livejournal.com,Male,181.17.108.213,France,3/10/2013
913,Roseann,Beacom,rbeacompc@gmpg.org,Female,229.195.142.162,Nigeria,12/20/1975
914,Bruis,Taillard,btaillardpd@domainmarket.com,Male,57.24.129.147,Indonesia,3/21/1969
915,Carlin,Churchman,cchurchmanpe@taobao.com,Bigender,97.193.17.239,Poland,9/27/1972
916,Michal,Beszant,mbeszantpf@salon.com,Male,20.104.74.144,Philippines,5/5/1995
917,Mathilde,Leger,mlegerpg@smh.com.au,Female,188.142.54.61,Ukraine,9/5/1985
918,Kyla,Enticott,kenticottph@behance.net,Female,50.157.246.128,Portugal,1/15/1967
919,Cora,Arbor,carborpi@netvibes.com,Female,74.56.21.13,Brazil,1/5/1963
920,Wait,Mingard,wmingardpj@moonfruit.com,Male,54.2.224.164,China,3/13/1961
921,Susanne,Edgington,sedgingtonpk@blinklist.com,Female,10.224.161.127,Canada,8/29/1997
922,Denys,Methuen,dmethuenpl@springer.com,Male,181.86.67.88,Croatia,9/11/2011
923,Bonni,Ffoulkes,bffoulkespm@artisteer.com,Genderfluid,212.159.166.83,United States,12/17/2010
924,Waverley,Younghusband,wyounghusbandpn@cbsnews.com,Male,252.235.104.36,Kazakhstan,12/8/2014
925,Norris,Gwillym,ngwillympo@japanpost.jp,Male,126.197.250.107,China,11/26/2002
926,Anatollo,Quilter,aquilterpp@blogger.com,Male,68.6.166.69,Indonesia,5/23/1987
927,Valentina,Braywood,vbraywoodpq@vistaprint.com,Female,76.244.157.153,Philippines,11/21/2001
928,Kaia,Heams,kheamspr@gnu.org,Female,197.34.74.54,Indonesia,12/25/1970
929,Shela,Lucy,slucyps@springer.com,Female,237.168.11.80,Czech Republic,12/3/1990
930,Charmain,Stentiford,cstentifordpt@biblegateway.com,Female,152.185.95.251,Sweden,11/15/1961
931,Franchot,Gosson,fgossonpu@taobao.com,Male,177.29.8.144,Indonesia,5/20/1976
932,Jesus,Di Matteo,jdimatteopv@webmd.com,Male,230.167.218.205,Indonesia,4/14/2015
933,Murry,Lindenboim,mlindenboimpw@miitbeian.gov.cn,Male,92.130.26.214,Indonesia,8/8/2004
934,Abby,Crockley,acrockleypx@washington.edu,Male,52.6.219.52,France,2/13/2020
935,Kellsie,Mahedy,kmahedypy@linkedin.com,Bigender,81.34.34.36,Colombia,10/14/2014
936,Tani,Levicount,tlevicountpz@plala.or.jp,Female,189.69.2.107,Tajikistan,8/2/2005
937,Genovera,Brocket,gbrocketq0@delicious.com,Female,132.21.171.171,China,12/19/1971
938,Rhys,Cloughton,rcloughtonq1@state.gov,Male,126.53.114.206,United States,3/19/1980
939,Daune,Curedale,dcuredaleq2@google.de,Female,122.74.187.114,Guatemala,9/7/1984
940,Darrel,Huriche,dhuricheq3@myspace.com,Male,211.20.61.33,Kiribati,12/9/2008
941,Creighton,Gaine of England,cgaineofenglandq4@arizona.edu,Male,113.193.66.249,Indonesia,12/26/1993
942,Russell,Prickett,rprickettq5@nationalgeographic.com,Male,117.48.53.124,United States,2/11/1992
943,Florentia,Bonaire,fbonaireq6@guardian.co.uk,Female,8.234.21.17,China,7/6/1985
944,Akim,Strowthers,astrowthersq7@dyndns.org,Male,227.0.91.55,Brazil,10/11/1981
945,Viki,Muschette,vmuschetteq8@vkontakte.ru,Female,152.248.242.250,Mexico,6/25/1967
946,Kelci,MacKeever,kmackeeverq9@clickbank.net,Female,143.227.64.28,China,7/10/1983
947,Gifford,Strowther,gstrowtherqa@tripod.com,Male,223.62.31.156,Philippines,11/14/2008
948,Murry,Hammarberg,mhammarbergqb@trellian.com,Male,196.40.241.174,Tajikistan,9/23/1981
949,Edna,Golborne,egolborneqc@hubpages.com,Female,138.237.233.37,Kazakhstan,10/25/1994
950,Yevette,Nason,ynasonqd@slideshare.net,Female,45.91.9.121,Poland,11/9/2000
951,Sydelle,Berthod,sberthodqe@msn.com,Female,46.92.38.2,Russia,5/26/1992
952,Archambault,Condy,acondyqf@facebook.com,Male,221.123.124.13,Philippines,1/12/1982
953,Kelsey,Housegoe,khousegoeqg@macromedia.com,Male,75.196.203.219,Philippines,1/22/1977
954,Blondy,Splain,bsplainqh@nymag.com,Female,234.52.230.155,China,9/19/1998
955,Lizzie,Klosges,lklosgesqi@sfgate.com,Genderqueer,44.97.62.191,United Arab Emirates,10/25/2007
956,Denny,Sinderland,dsinderlandqj@seesaa.net,Male,167.127.153.96,Czech Republic,3/8/1998
957,Lou,Alten,laltenqk@wired.com,Male,165.221.15.196,Peru,1/2/2011
958,Lyn,Shickle,lshickleql@fema.gov,Male,65.168.188.54,Indonesia,11/12/1962
959,Valdemar,Himsworth,vhimsworthqm@mozilla.com,Male,247.147.93.12,Palestinian Territory,4/3/1966
960,Jenna,Playdon,jplaydonqn@soundcloud.com,Female,197.88.193.150,Brazil,8/22/1994
961,Blinni,Marcombe,bmarcombeqo@opensource.org,Female,107.85.15.18,Philippines,9/4/1965
962,Derk,O'Clery,docleryqp@jugem.jp,Male,79.179.133.42,China,1/19/1961
963,Ekaterina,Brolechan,ebrolechanqq@patch.com,Female,246.215.194.146,Belarus,10/10/1961
964,Alanah,Colaton,acolatonqr@mac.com,Polygender,250.81.90.26,Peru,2/4/1976
965,Cord,Barca,cbarcaqs@fc2.com,Male,61.46.178.215,Madagascar,9/10/1993
966,Rene,Rutherforth,rrutherforthqt@i2i.jp,Female,115.252.206.23,Poland,8/1/1999
967,Catherine,Rymell,crymellqu@chicagotribune.com,Genderqueer,180.254.120.58,Palestinian Territory,2/19/2014
968,Allix,Sanper,asanperqv@google.com.br,Female,77.255.247.94,China,10/16/1974
969,Bunny,Simmank,bsimmankqw@hibu.com,Female,126.17.161.90,Sweden,4/13/1970
970,Elmer,Coping,ecopingqx@linkedin.com,Male,169.224.236.154,China,6/15/2016
971,Constancia,McAteer,cmcateerqy@printfriendly.com,Female,118.43.237.18,Indonesia,5/29/2010
972,Lorrie,Taffarello,ltaffarelloqz@ucsd.edu,Female,118.34.51.84,Vietnam,6/7/2009
973,Keslie,Imloch,kimlochr0@google.com.hk,Female,130.94.131.218,China,4/27/1963
974,Merlina,Tasseler,mtasselerr1@simplemachines.org,Female,37.218.73.239,China,12/1/1972
975,Rosana,Guinn,rguinnr2@ehow.com,Genderqueer,200.191.113.246,Iran,5/28/1982
976,Nan,Zuann,nzuannr3@washington.edu,Female,193.207.168.193,Russia,12/27/1987
977,Colby,Reditt,credittr4@harvard.edu,Male,32.96.8.134,China,7/27/2008
978,Peter,Kollach,pkollachr5@vistaprint.com,Male,44.200.68.7,Indonesia,11/9/2004
979,Quint,Klees,qkleesr6@tripod.com,Male,155.200.9.14,France,1/24/2018
980,Garvin,Jozaitis,gjozaitisr7@oaic.gov.au,Male,227.182.199.31,China,3/22/2022
981,Olivia,Tamblingson,otamblingsonr8@netvibes.com,Female,93.58.121.216,Peru,11/22/2006
982,Lydie,Arney,larneyr9@dot.gov,Female,78.79.34.58,China,3/5/2010
983,Chrisy,Urridge,curridgera@hubpages.com,Male,179.32.191.11,Indonesia,3/24/1995
984,Bette,Quittonden,bquittondenrb@amazonaws.com,Female,228.17.85.190,Brazil,3/7/1988
985,Klara,Grisard,kgrisardrc@usatoday.com,Female,235.242.117.212,Dominican Republic,10/22/1983
986,Care,Morrieson,cmorriesonrd@slideshare.net,Male,238.78.168.176,Italy,12/30/1982
987,Adrien,Hebburn,ahebburnre@sphinn.com,Male,107.26.232.73,Venezuela,10/7/2019
988,Valera,Arling,varlingrf@berkeley.edu,Female,48.132.227.15,Venezuela,9/23/2000
989,Anabelle,Lovejoy,alovejoyrg@simplemachines.org,Female,192.248.152.220,China,2/4/1984
990,Vlad,Dener,vdenerrh@list-manage.com,Male,198.1.128.172,France,11/18/1970
991,Lauraine,Nesfield,lnesfieldri@parallels.com,Female,84.146.109.86,Philippines,2/2/1981
992,Colby,Finnis,cfinnisrj@chron.com,Male,183.164.75.52,Indonesia,4/18/1967
993,Austina,Elijahu,aelijahurk@jimdo.com,Female,255.131.17.46,Czech Republic,2/10/2020
994,Lindsey,Workes,lworkesrl@digg.com,Female,173.121.103.71,Netherlands,10/23/2004
995,Gilli,Bancroft,gbancroftrm@sbwire.com,Female,118.254.8.119,Indonesia,1/27/1962
996,Zorina,Braizier,zbraizierrn@example.com,Female,78.62.205.84,Nigeria,11/23/2014
997,Welch,Markwick,wmarkwickro@g.co,Male,195.178.247.9,Japan,4/5/2005
998,Toby,McGinny,tmcginnyrp@icq.com,Male,223.103.128.22,China,8/31/1991
999,Vince,Waldie,vwaldierq@soundcloud.com,Male,30.9.56.233,Mongolia,9/7/2011
1000,Steven,Tufts,stuftsrr@hatena.ne.jp,Male,18.70.111.250,Indonesia,1/29/1967
